file_id,name,md5,size,kept_id,reason
1OBQHhbMwUd0LqWuPXa3-YIKD5RZKxbJ3,2567_1787454316064_2664.jpg,b5ce8bf3896f8ce2c25b159a0a895534,18035523,1KXuTOaBNQIXUHCNKYrixWBER3AafD57B,exact-md5-duplicate
1eLuCaq8a0oPu5OcunC3pSnzwRJWnswZC,1200_1787450972102_1220.jpg,b5ce8bf3896f8ce2c25b159a0a895534,18035523,1KXuTOaBNQIXUHCNKYrixWBER3AafD57B,exact-md5-duplicate
1zdpzqjipcOC1gp8XtqKuVs0qryU2tKO-,1542_1787416952988_1565.png,cd5c67b6e8cf91b36e303e661beec608,33553699,1UTyj1Qq36S2IGPtpUbDEifvscOpX3Vv6,exact-md5-duplicate
1i8hjDnyqPQz8KLafAHIcc0y4fCV1R3Az,1877_1787515051457_1910.jpg,14585c10b1b2a655c0e08cf6c4fb9336,29649056,1eMzeA35gGcukVtKTAbl3G7BisthBLyik,exact-md5-duplicate
1QsxyzxmfRtj_IQZqAPD7mH1dB7dOWuNZ,3054_1787455385813_3187.jpg,90ba92363c1d5a62025fa014ee8feb51,27477032,1PxJuorbkDrMgvm4TNkMHEZXlvETV5WG-,exact-md5-duplicate
1dkx0sjoM9WKSXvL9Fu9Q02yagiRmOiDn,4498_1787521358188_4602.jpg,8393b9edaf6199619be55ca0a7a33e34,27424306,1Pt7uwxhffIpFs8Ec2l1HVdruaZT6qvfX,exact-md5-duplicate
1WW8J0kZxbh_1OnUF6nf2FGexqR_yDxeE,749_1787499567214_782.jpg,a48d2e43718d09a22c24917a7e9a7cb9,27332861,1SkQaFTnWxuGcCRCBnYfjWBOJ4nD8Dgud,exact-md5-duplicate
1HfXslQu6XzvLgOGfBt7BoKu6N1k3fzTi,2566_1787516556004_2608.jpg,b980b11c67993b53a7ea94eff4609aa2,13555110,12_vDKKsuasnZvGlAowasILmZ-T7ibICC,exact-md5-duplicate
1zwkyDKdcHIp54i9hPWpNzx42_msIlWtx,271_1787448816734_279.jpg,b980b11c67993b53a7ea94eff4609aa2,13555110,12_vDKKsuasnZvGlAowasILmZ-T7ibICC,exact-md5-duplicate
1WW3EfmFjJm9kkVWNEtwBYXG2UVPZJdg4,1024_1787513003936_1040.jpg,10582c81fd5729f769e53c6c00a8b0cd,13279636,1WEAfksiVBdbCApKAIP2Iof-Jm0hsWZc1,exact-md5-duplicate
1WuDc5Gv8vM7JATNq_JzVKq8JwYjMpM-9,1114_1787513202179_1131.jpg,10582c81fd5729f769e53c6c00a8b0cd,13279636,1WEAfksiVBdbCApKAIP2Iof-Jm0hsWZc1,exact-md5-duplicate
1fEIcJ1mE_ezxsbpiD-C_fkhN7lFuCMXc,361_1787449029399_369.jpg,8a5c5083cfaa8861b900d63e81bdd873,24408774,1_JsxjfvF_C6BH3wCyxm-BucjknK96SS2,exact-md5-duplicate
1zUTdziaZ3-JBTrwktoShBFLhGXo03NSD,980_1787512909257_995.jpg,157fa9c2ba6e88ce61b62bd7d5e8d61e,21642173,1ifTvxKkhbtyqqJnkwmWDrFrKXvnN-NT7,exact-md5-duplicate
1xLkQIjZmFq0pZ5ZFeZCxwLXxVgj2COUA,5458_1787523819002_5628.jpg,d31c144c06c205f3d020685ab03aabc2,21360323,1bYz9N-C2lPiYnKXQADoZFe53av0GJJjQ,exact-md5-duplicate
1sGIAZQ8lLP9g_K_8uRBan5oXIsc_CaUn,2084_1787515539889_2121.jpg,055c69b9f454a2fee079b0d6b4b3662b,19823694,1QOMXgyAMtbv85pI1rNC7OiyifqZY1-wO,exact-md5-duplicate
1tAkKyq0TFeGEat83gdCXetnrk2i8ZKTv,834_1787499776313_867.jpg,b6238ca99f62617d0a6a18051e115f15,19127691,1Lqr0bUeMr5qW8HWS6gT5v8nBWp5-7AW2,exact-md5-duplicate
1mckBMU93pAdS8jPVLKe9w-8mrMhOrfQs,386_1787414736433_389.jpg,e411bb883de7f369db599ecf822cb51a,18871458,1CuUnkBUIC-sZ_HdTvt3mwN30QqpFq6hR,exact-md5-duplicate
1zKTcU68PpT5A3lYY72zEhIVEitazm5Zn,2105_1787515578911_2142.jpg,48d98af3e5a69b13515979bc31448889,18636529,1xMFBX_-QKYKU2H0NJ5M-AUKaszoDmvzb,exact-md5-duplicate
18iFgS8PVbF84JCSlnsWI3PewXWQRN_DP,4976_1787522584846_5103.jpg,b6c5c60baeba3e70f06c45651a90687b,18617995,1lOXWDUHxSdf8voYlN3WvrK9xuCBOUpPW,exact-md5-duplicate
1WME9y6TcWIA2mwcSQB3BZ68qbRvFwnnG,901_1787415729177_909.jpg,1ba3879326d92599d8979fa9145297e4,18475368,136NrklgWjvKC86BN9Pjn6SgW4A4vnWJH,exact-md5-duplicate
1MbzHhPIDGwZb37YS39eUtluFRVDM1Le_,1646_1787197994830_1280.jpg,cdcf993861fe02a8ecc255d9cc9d3956,18344327,14TXmDk-KjsKe7ZsrqzT2_HlHKNrI-N5H,exact-md5-duplicate
1S66ennaNqBMggKpkbeVnEEGwrA7I5ukI,2611_1787454401067_2710.jpg,ad031d6795562a7fdf9aa1d1e7879ab5,18274120,1Hy5JAdwlpICRUM0qEMEa5XguRUNvA_9R,exact-md5-duplicate
1VCwfwjhHdy5OCMtcKQ6HKcdyY_5ERpTI,5303_1787523378274_5457.jpg,a27fc33e973b825bb2f8f4c560315eb1,17847061,1IKFZE9AwPSQTT9BaZIKG44YJlJ1GHaS-,exact-md5-duplicate
1kAzrP5UzPqjYWdNxoZ_DVefZqmdUDVZx,3577_1787456449032_3745.jpg,0f5c497da5f13c7df6f5e04b677d97e5,17669507,1cG5GKFbj-ZfO9VWIS-Iu_Vxfh_lGeW5k,exact-md5-duplicate
1g1ppznqXM3UMPAbLz9N2MZatGb2P_cNx,4242_1787520684355_4342.jpg,84f1f60445554ae22049669d15a4e586,17465611,122q6B_CJDvmU5oOXIDt2ECVT_Rl7MdGn,exact-md5-duplicate
1f1PENbO5Kw6gbXVcfm25KLb_STQ35-yc,1590_1787417074339_1625.jpg,6420f9d57688df0ebb6aa95c552b7a11,17456618,1GfqHHnsDkJRJtkVAXW1nz41fQMyHyvLB,exact-md5-duplicate
1dkty7WvWaEHDAU0pkM_RW0RLApATQJSE,3070_1787455425779_3204.jpg,673b41d7afae65b77d445cb0a1c14454,16751818,10Ni226uxJirkzubKo0cdi8jWz3GBitBb,exact-md5-duplicate
1L7J7Xeyfe3Uq8EtoV17U7SQ6w5zM53QP,1454_1787514020550_1476.jpg,1e1403245170fb204c102d81c217a8da,16043939,1BSTPAfFTpb8r5qgpcoU0lzOcZt93C6A4,exact-md5-duplicate
1wzfpxIzdZ2Nl1ttw149bN5LMCC-GuLob,2408_1787453914777_2490.jpg,21fa9ec1e03872c708c5035f1e667fd8,15564062,1WXLjECqQ311bwWmpOyu2YnBNtTpOKSjB,exact-md5-duplicate
1i7cJEySeVw0xZ_vz5Tev6nz_Vh8GZaP_,3941_1787519876994_4011.jpg,4bf9feaa6ed62e6098141b0f24e301a8,15193872,1bri_ValFR-f74x4g00PV-1ZnQ7vP2EME,exact-md5-duplicate
12Wn8D566plVQI5TVrxnmcrxXt9jQkwWp,3001_1787455253908_3131.jpg,e1d5c7d5eeb17bfbd9524dbaa7ab167d,15148255,12GFbh6lMcJAXlCz-aDDHe4vGqq3tSCIf,exact-md5-duplicate
1g78UrNgrRe8sOM9WLi5v-PT0PeVlbCIS,940_1787512816069_954.jpg,3f78856bb5de214557042281c1bfa7a4,15075246,1F4EuaFTJq6gfHLvdMyGj5ZWspzbXV2hL,exact-md5-duplicate
1c-wXGJ1SaHkK3LmqhgZWbckqG5eaTSnV,2211_1787515757518_2249.jpg,6827acbd28d3890e269c01d735e6e1bf,14542575,1LVwXR6uey489uFuqfnw2ajFurqzJTOgo,exact-md5-duplicate
1ylz9QvIg_LebgMJ7bD0tWmAgJ1wI0kV2,1381_1787501462042_1512.jpg,2d9430dcfc0509cc6a588ce276f81cc1,14503071,1QsVm3z1PMJObH34gbF_iiuJfYbvVSnTe,exact-md5-duplicate
1aaP2vTTCzqQI660Rftpj1QkJumFSrqX5,1605_1787451982881_1645.jpg,c82c47130b17538f88e0d652d151d9f8,14170017,1KMdpMpSHt3cHceZ-ag1diNNngMr7bghF,exact-md5-duplicate
1pk23t2F9_JeOkh2rHVwH09HQf_VYW6EM,2914_1787455067102_3042.jpg,850ec16aad54ba7c0bf6b01e4571c94d,14076451,1f_8FJpAqgmJo592TESwI0HMoaxo7y17b,exact-md5-duplicate
1cZ9rRefNPmikFW4rVICIkCz8KqLfrhv9,2174_1787453342506_2241.jpg,9b54fa44ea697b492f6c460150ae1f68,13516992,19-2VICh7VKQz3GpBf1V2qmCfbtXFdgVk,exact-md5-duplicate
1qwOvm1ECvZLwcpKaZ9_lMTOFTfuNkta3,3374_1787518487703_3441.jpg,8059f4060f79015bad56c703d9b71db4,13428807,1G6aMcsELkEr-KuDt8PnxFaLA9AF7TtNu,exact-md5-duplicate
1RNELUGfAt2IhJdiaO944E0dcrAoa6u7h,1289_1787501266644_1402.jpg,70e3946d7c5a7bd2621a47f44613516d,12101037,15BzX5VjCT-6IPeb3a__C1gx_cgWJJFjd,exact-md5-duplicate
1SwiyupFog4ScBb5ajo0SkOw2EIRmnD_H,1338_1787451313513_1372.jpg,c1d91523f48b62aced0795059c9196f9,11987764,1Ddrc9xnhCXU984WHeZK-ZHN5d7HI4Cas,exact-md5-duplicate
1qBx6Bb-SmhW9K9ZwcxXtiTfc4HPBsccK,1591_1787451949643_1631.jpg,1481370185466826593d4aa6b30cb925,11590726,1Cme8RPnTntS4ryXRQDsFnpFEwP1HRuKB,exact-md5-duplicate
12HFhKEZw1J6wQTBqdjkbuknmC2aWzUMO,2591_1787454354229_2689.jpg,cd32aa4a4ddd1ee4018b5c8cd84bcba0,1909249,1-Ijiz-xf5a_vEzEw85RIahGlkUbz5j2o,exact-md5-duplicate
1HPt0IO4Kg3-QC_ulfsTintZRy-Ufw7F3,2658_1787454512424_2762.jpg,cd32aa4a4ddd1ee4018b5c8cd84bcba0,1909249,1-Ijiz-xf5a_vEzEw85RIahGlkUbz5j2o,exact-md5-duplicate
1Iu7yFjb-SWjFCx7q6UGALJfFFGTFOgNM,2746_1787454731624_2860.jpg,cd32aa4a4ddd1ee4018b5c8cd84bcba0,1909249,1-Ijiz-xf5a_vEzEw85RIahGlkUbz5j2o,exact-md5-duplicate
1aSGS14jQENKFqdACEMfDbvSA_zTEUxSU,2867_1787454962349_2991.jpg,cd32aa4a4ddd1ee4018b5c8cd84bcba0,1909249,1-Ijiz-xf5a_vEzEw85RIahGlkUbz5j2o,exact-md5-duplicate
1gZIPW_yzKyYK8mXSuwN_fjUzS5oaBX5V,1424_1787451497420_1458.jpg,cd32aa4a4ddd1ee4018b5c8cd84bcba0,1909249,1-Ijiz-xf5a_vEzEw85RIahGlkUbz5j2o,exact-md5-duplicate
1zrkIEYhexOcBAF35rPpapV4ucKk9ZZWM,3023_1787455306569_3153.jpg,cd32aa4a4ddd1ee4018b5c8cd84bcba0,1909249,1-Ijiz-xf5a_vEzEw85RIahGlkUbz5j2o,exact-md5-duplicate
1Rg9tkJJ-gavxXQJqZDUOLkC2YsHUNZW1,2973_1787455185964_3103.jpg,cccdded18458b0e732f48ec9ba40aa72,11372438,1_Hrn8fvy16BoNdOS-aswuWf00XMp_bx7,exact-md5-duplicate
1zdrbGShCq8itBOY32BEEuxBvaozvzgz0,3031_1787455330447_3162.jpg,ee15d93bf07edb9b3ff86784c2cc7d9a,10814334,10ONlJSnCtvs9Nsy9lLVsA7qP_k57do_C,exact-md5-duplicate
1_FCa9TUQ1IQotU1nFcNxqbi779SpB6ZM,2083_1787515536692_2120.jpg,71cc48a31c929cade8f6e95045c1e3a2,10371863,1Hht8KTV0LjlC_kwGHMrpl5tn8nYmnfTx,exact-md5-duplicate
1QeVExS42UIUITU3sV2lHvmwHyzfCjMYq,758_1787415477589_764.jpg,dcb954bd42ec25b8d27b20e35147be0e,10294746,1DjUuXmYoiS4OXdxx3XHwDwVqiVsVC2aw,exact-md5-duplicate
1TwaUSE1Kl48s5HxbktAa15RwBxdGhjHO,4142_1787520416434_4235.jpg,68c1c81657b258481ba2c50f3ba1e6f3,10134433,16Tm9xoez8C-zywqxpaS2_UZVckIZEtwP,exact-md5-duplicate
1v2Ecv1sYXlcS45KgmPgqHwZE3x53Fptx,288_1787448862194_296.jpg,077dbd258eecff342bb193b841f18e10,10072168,1agZMonZ2XFqfp_cTyGhB2TXGBofwDOfL,exact-md5-duplicate
1ZXuz5UYUyQI0PVS8j99_dEK1nQpMqDGk,1732_1787417479454_1788.jpg,e11712dfd8eeaa53be69d032384954d0,9956486,1M0rySLHywq_7H8LYKRyf0OCLzfs1MLST,exact-md5-duplicate
1zB2KGl7Xjq2LjAegrNViHZjFXR1d-Jab,3224_1787455777674_3380.jpg,abbb36d2e6a707e4835de7e9434141ca,9805656,14TGcqE-NXIyrkbp1dS-Sof_Y2DixTDCr,exact-md5-duplicate
1eYCeBf0ph0QdOj38yNkEDbm45QmxtZ7k,47_1787409046565_47.jpg,74ea70911a80e3b36f2afb03068da2b6,9736467,1eP5IF01CXoD8yuLG5k9FUUStT0U_2aEQ,exact-md5-duplicate
1TndLX5Mi0IJWHt4L2nUpth60WbZ3V4M6,2786_1787517065404_2832.jpg,54d1d5dfc6b51d5fac624e54c257f5ca,9493610,1SAB0ONgPdW1VGxVrAbP_mMhfv36R9ER7,exact-md5-duplicate
1UIwlis_TSPdIMZ5pYv2wc4WD9z4Ks-T7,1591_1787514363357_1619.jpg,cbcdf611dbe5d12a1a98b8f750c64ae4,9439711,1P6PQBAgQIsgf-5dphNfrousZ3Guy_9xh,exact-md5-duplicate
16OmsN6zncsPHjej6DNrQuDE0xQs-MTdg,926_1787512786568_940.jpg,f88d56816050f6ff555c11ee22df1d4c,9311172,13-BaQyGVxKd5GFYatamLVpoxbOiAJgrt,exact-md5-duplicate
1HY2RsTFxlBKGGXJ_H69wdUV0d0qBgTKU,3213_1787455760496_3369.jpg,efb633c0d4c717a7b363346358a5aafb,9303346,11hVhEv-VueKJxnyO5Lhbtjjosuk2vEDR,exact-md5-duplicate
12G9NFgTU8EVVpiwWjLciUaKxWGJ85t4S,4383_1787521047405_4485.jpg,3b7a88bc8f4a762818b7a7cb7c10cbeb,9276225,1sqGqZ5HFMkEoGuoRo091m8wI6yg4MBYR,exact-md5-duplicate
1tr9YYyojpWk6T_WeAiOjHTOdyNlmIyf1,3782_1787456887325_3954.jpg,d2d38a98896299a2a0c7b188a3f13547,9136855,15SdxvwLn47II3Z4P3AF11pC5J5AJShW0,exact-md5-duplicate
1w4Mt3kaVagon-fvdZi_LTe7Xh5l5A-a_,2548_1787454278234_2645.jpg,6d9ac82eaa2ad9868bcece675c3c4973,9023518,1v_Orh3lEHhEnQR7WJegVee7JrjqvZnnR,exact-md5-duplicate
1AmCl5ntx61fklDbfQyOFDWewJXTIFVZg,3141_1787455629138_3289.jpg,afbb1c89957082778cc4744d92d9003c,8817649,15opVdg8I0IC0_RSxHnqPyYwo_Sd21uwQ,exact-md5-duplicate
1_gOiqKX-knhoMxbcVhq75lhgaDpLriPA,1931_1787452781077_1990.jpg,72aab560bf25032536f6b6b3794c9fa9,8760563,1WoF7PDUqoo7OZt27DxGqw08jjx1zBsNE,exact-md5-duplicate
1MkzES9t57mBcvrafQNaSxIy4NjYXnyr4,3012_1787517579971_3059.jpg,fc09e1a4307f32d9aac6132933c28381,4224733,1MSgAqMHm7-PFET5au6jk8lesIN8Gvlq6,exact-md5-duplicate
1Gwz3BRvmty9eENaRPKrtm5Prl9cVapt3,4257_1787520719167_4357.jpg,fc09e1a4307f32d9aac6132933c28381,4224733,1MSgAqMHm7-PFET5au6jk8lesIN8Gvlq6,exact-md5-duplicate
1TpP3wsWxKMDxiJgjhMroNlS4ADKd6_mB,1602_1787197901519_1244.jpg,017929fec6a5699a60c07348fc0cdcd6,8172268,11RZBHaOpJLhyKxmDOEtaYOtJYs-Jgklo,exact-md5-duplicate
1iexylKzBENQdcgt-NHjTOFSOjVjRHlvC,1390_1787501483412_1521.jpg,b72ecf76b36723dd5d8b00328345c25d,7437443,1JbLJgnTspa3FrKqMX7FUUDe7sobIT2r8,exact-md5-duplicate
1_t_CxqyT7NCwIWJGvadFiphVpyuR0O-G,4179_1787520524169_4279.jpg,5bbbea957f239d0b5460a6c690e2e487,7389354,1fFm04mRSncrWboYTpllgnvGiiBEOX4Ea,exact-md5-duplicate
1iMA4_uD2bjroZSDC4CgifVEWocuVUJrq,600_1787420350925_615.jpg,93629195eaeab1a7f52f838617c84b17,3681963,1JGB5mJUMSrKnFvEdQ6rn65YnK7epycTz,exact-md5-duplicate
1jABEb83fXAFDdfHnTCsIULjnJea-XTOu,112_1787419287975_115.jpg,93629195eaeab1a7f52f838617c84b17,3681963,1JGB5mJUMSrKnFvEdQ6rn65YnK7epycTz,exact-md5-duplicate
1zeUg1mRkfrBMh5c2sljissnFw2z4FNc7,1415_1787501548343_1549.jpg,80bfcb9d69023bf527136b0783766f5d,7351270,14heHyfd1sy_ehZ6xBTi8Wg0iVVaJ-KDP,exact-md5-duplicate
1kUVe6oFRjvWIZCYJJdFptqRSWZlxUcD1,1125_1787421577197_1169.jpg,309c4dc0af1a03bfe278afafb16f85d4,7200359,17Sh4AyLIcGXivwXOBsI9ZTCerVFg9-hI,exact-md5-duplicate
1kufK6zZLnaLZGVM6B5TFn6IgVvtvPGuM,1335_1787416547406_1356.jpg,0b366991b85e72e77462f5ed7516e797,6990202,1GE3CR-QbDB3T3sc5YuODonkGCykv08fN,exact-md5-duplicate
1fPivWHxvtvUhs_BGGFLemG4BBaaou2LU,IMG_2124 (1).JPG,7ecaa3f02e1a6c2a24a4a56eb9d7e43f,6989593,13_dVm7L7skDV2d14ZxYblOKnoOcHauGE,exact-md5-duplicate
14GA9pqU5Kqwv8JbsakgHqJG8-4plvVF-,4748_1787522009404_4865.jpg,98d612f8fd59abe56ec4c99813b7102b,6967402,1Lj-SHvuifdkNGRnjs3dt301ktQWJiyNq,exact-md5-duplicate
1NgJvsQu6Li4nFJVuZtYXm_Z2NcyWDhNF,1317_1787197311361_1017.jpg,c60bccc9b7b892eca5952af9ff58473e,6922327,19hhg0ZBycLGLa4H_TmeYF0tfZIL1lMHj,exact-md5-duplicate
1tp6mJgqvFFlFrj881X6-3JW-g2bpAUye,1188_1787411648548_1247.jpg,6a25544d6a9fd22168c9caacb22cfb39,6774521,1XJfvXrESCHBhwLhZl2jURZOsQZgASFeW,exact-md5-duplicate
1hBb8RtUSHUHfhjeJ_oJYgu0AaATHoqC0,704_1787425849622_714.jpg,06bb2c4ae33fae604de78d7ec51ca309,6682379,1W6YX2Q6aU7yCbohnlA68MQ2kDr6c6GiY,exact-md5-duplicate
1vmzxcvOHAoIF0IApzRzCvqtI1grmHkDM,1259_1787513535456_1278.jpg,7644a314c7eb18734bc16c3383ac8f26,6654889,1vHQ_KY3y-6lYCwsvlZ55fFyOwaeNtpFZ,exact-md5-duplicate
1nWKWRyNJ3zCAXCxxDXcypfl3vPEToeCi,650_1787425714713_660.jpg,6e8883c0657959e8aa6446f6e89657f6,6565755,19Y_em5DRhaDBoDMI-mMe8veD3WZKYnMa,exact-md5-duplicate
1d0KfOVIvemhauqaXN1baqt2p_mNy8Bk-,1293_1787188529334_879.jpg,3b7c53e0a9a232ee5930a3abd62e6290,6499446,1C7x9RKJ_uKqFVxoi0OMOLw_L7ADLrD6Z,exact-md5-duplicate
1EW1xfZHMsH6MTs3gwnt-P9y6KychdFmr,3762_1787456838110_3932.jpg,1bbb987606e5ab057de705c29298a751,6459807,17ZGROJfuGyAQliGnJhreBebCNlaxFLba,exact-md5-duplicate
1_xp1sVVOAv8pVv7QoHPHe51HDRu5tqmA,442_1787425273658_452.jpg,a664947a23e1de78e5931aa57379f0f3,2125064,1Qe01Fr5i358EoZpbu-lq1Ywd8uanhbZA,exact-md5-duplicate
18NpoA2f0LXxEa8UpjPm-qwOvG_5qVdsg,2652_1787516747808_2695.jpg,a664947a23e1de78e5931aa57379f0f3,2125064,1Qe01Fr5i358EoZpbu-lq1Ywd8uanhbZA,exact-md5-duplicate
1s9kAjKWaVzxXSMaML0cOrW2w_TVoT-jm,3295_1787518285852_3362.jpg,a664947a23e1de78e5931aa57379f0f3,2125064,1Qe01Fr5i358EoZpbu-lq1Ywd8uanhbZA,exact-md5-duplicate
1gZ9os0cf5VtN88FNxuU-Q8CvjbnKuRKK,4503_1787521371069_4608.jpg,44c465a9ce910fabd2f38b0835213118,6372740,1RbYD3XXQqL9qwW29Lht0LTK1qNGgq9jK,exact-md5-duplicate
1WeVt6ZhCSfu3c8N0ApgtQwLSk8J1kflT,1311_1787513656123_1330.jpg,454e1a820b77256572f486b85d35dd1f,6206399,1Hfc3j2xhSe7MeDwDmisGL8CJI0h_KJyL,exact-md5-duplicate
1QUJljKN05Oo_tp20QEjYM7AyNF9-kcLu,4657_1787521777042_4769.jpg,d611ffa0c9ef6a470f21d594458b08a3,5978328,1TDQXRZDy9AG8Q-T52kVCUp3CMxLHa4AK,exact-md5-duplicate
1e9NgK1o-rN0SBaLSHZg4wHXLjfc0_s5k,915_1787415752680_923.jpg,0aae37e7c6a0f07f6361b39908fdffef,5968251,1o7T6EkFzjAu3IS2g15ZvuMrx48cV4UPx,exact-md5-duplicate
1r_skCX7puava_gzMNwXVk1YqtF1kVun0,1075_1787439606169_1128.jpg,d8fe2c2bbe82b061a59597d2b4eb89f4,5887731,1iLCCPDq5VCYoBJPV82avkzYr-AbBj0Yv,exact-md5-duplicate
1qWSQq2xZOejFe5lPdYgoUD0eNMNjBpCN,870_1787410948282_922.jpg,faa9a6f5f78b78b47ebddd5818be9400,5862114,1COReTS5xbLubBw0USkTZ1vnj2sfbXraZ,exact-md5-duplicate
14iPd5hZrwZdCPCTDAKbaU_FQ9kIS6KAm,3876_1787457062931_4051.jpg,e9a1403e3bcdcf283e5f59309ace14ec,5763065,1ptbIV669JlJs_ruquZCEoAUt_Q1-XzCZ,exact-md5-duplicate
13QuVtWJjZSOrT49TXXTGrSKve1EjzeDc,10_1787424396060_12.jpg,a6f94b80039f7ee044decbe984943118,5749794,10D5e8YWuX96tWRcZv12WWrkAMbZa4Md0,exact-md5-duplicate
1rgvVJXr7XI7PN1LzvkM0oWVONlDuQojd,4890_1787522374200_5016.jpg,37f5db4f019936ad3be67e2c5d8e65d7,5663788,1HXdJrgSJPDaCsulCB8ivIeotEIqIwVkT,exact-md5-duplicate
1u-MYinmashxFzJG_K5js5MFcq6gXG2XO,490_1787498898087_500.png,cfdd664c9f99353c67f46fd4f75430ae,5644628,1kYvTqKscty136_7r3wX4g8143hau8SNZ,exact-md5-duplicate
1wRsoq0LfOb0FCC2KQlYfV3N6wwOtieVM,2660_1787454516787_2764.jpg,43d15a4ead0fbc118974abf9fac78f57,5533728,186a1DnV-I0GAWUXxfLXfJzxuKy_3L7sT,exact-md5-duplicate
1n4aBpOPSPiiLrJOgfLx_oaFfis4DbcHg,716_1787163761335_213.jpg,ee05f4f0ee92b07252946fb147d176dc,5520625,14bQI-B2fTLeVT1rJUgKuPHMqmSIrBsyf,exact-md5-duplicate
19BV0wQELK3eaAoSYYYUiIwq_2japBTTM,3414_1787456161252_3576.png,6dcbe30922a1c532b7ec55d4f56da9c7,5473170,1091eiF6ZCGnrtWup-TN3JdqLJW_RP8ky,exact-md5-duplicate
14DiMaMXZwYp_a2bAbKBThXsWuInh8tKT,698_1787425832754_708.jpg,58e0bd3b018cf87f134e25d5ab37a794,5019081,12Y6guIUgyddtTcaF7wOZTDn7QadfNGeT,exact-md5-duplicate
19pYgggY7cKTQbuC-w5zswOJ7aXkicJEO,IMG_2371 (1).JPG,ab0a99be9ad2216aa1f4a2adaaad0295,5005651,116eXRzAAEWQGzyKeow0E3J7wV1BBwoHu,exact-md5-duplicate
1wkpz_MwMTea7kmRRWmAIS7lQia5IaQE2,1224_1787416282166_1243.jpg,e61b26dac316d48836ed1b806e25b562,4909820,1NGLhIpap6_DjQghZf-eb6QgzlOEjezDC,exact-md5-duplicate
1KpRCLYIVcovxjTNfAvutMwZ_KtARzZMj,1893_1787452686734_1950.jpg,a848f6bad4c8583b4983f0069bb23b15,4875658,13zWTuzbdDLiP74sld-OQkH2cSc_OS66Z,exact-md5-duplicate
1LbbmBJs8AggvQsxPdLS2qNwNTGjtjc_G,364_1787414672047_367.jpg,39391fc1bf92b0052c63e4c22a9a464d,4866400,1VTctUT5RR6Tqb_RbAOWasYJ9fpbbWC1w,exact-md5-duplicate
1Z9aMKuCXtAEtxs1BakWEdSWZouS2N-fT,4355_1787520971068_4456.jpg,1043d6645893ab7576bb136b11841541,4853024,1yMnGTOgaaVPCB4sp1FWRt0lVjfzhwSu5,exact-md5-duplicate
1Z_4n352DNJSn6etsoOu4_VbRx3OUCqA9,4272_1787520759196_4372.jpg,71151cdf7d81f557329ba33b4e4d3825,4805980,1Hb_d5s1uDAiu5yZJvqixjLxvYXcCheO3,exact-md5-duplicate
1cC13Li5zFoyD0NQz1-eohvXuGJwh8IlI,1190_1787411653090_1249.jpg,b514e6aae53a307a3ad4e1ca24b6fec8,4796844,1GmbLtY9CkwHMFVerAIgvgVAsfVCOU7Tv,exact-md5-duplicate
1ufFpiezC1kdKPkrQVcEsdO6vWU3Qtf0q,1402_1787501506021_1536.jpg,2133ca4266d0604979f73357a8634a4a,4792113,1Os650QTubcf2m5fKrbdjXLzaJcc4F0qG,exact-md5-duplicate
1Zt0J-FvMeSCq-7AxkJ3rtZSL_W5z7ziR,4184_1787520539064_4285.jpg,23f19fc134046ee91ceb056c5e0d27f9,4787409,1ufnClOqqmRcabgyB6gLIk79mvPo6FTez,exact-md5-duplicate
1XVjzoJxsd9d5SNRr80oLC7V2l0e1GiIF,2824_1787454869815_2946.jpg,99aae560f37293e17626bb50da455b18,4710198,16sLQEIkeCiuXNXkvYTKHGkdkiNrtBDWB,exact-md5-duplicate
1OcuR5dvr-q2YZoVtX4jmGceWVlajshqb,IMG_2765 (1).JPG,103fc8f67afe99e893558a4017d9e1cf,4642782,11ymdQ9dLeIpGMz2ihaneEusRxqWtwZMR,exact-md5-duplicate
1ymTU0xZCxhDOqot-N3ASMT-J0lVEwkLH,IMG_2716 (1).JPG,8e1c212a32bfcf34bb955df7c63f5cca,4585641,17h7Xcu3zyAAW5KkuytQMwiUh4Q3FlH_q,exact-md5-duplicate
1aQm4UKdFuyOzVkSYN3__S8JtH-MrOmdf,IMG_2413.JPG,c96afce137ea5c30897837086ad8723f,4568324,1PsaG3x63qilWp1BAaP5KdG94H-GruNk1,exact-md5-duplicate
1ZA1_2pCF24VsTg5YxIfLA13NH1fjKC0n,4333_1787520919005_4434.jpg,076bd28f1711ebded741a6f385947a96,4537742,1SczfvcOLqjd0lZ-CENe5wM4Ij8Msogem,exact-md5-duplicate
1gV-nUjJE5PZf-XlX--iZdZK7F1GO0ynj,IMG_2464.JPG,7a343be70845e24e1a9b4ecc629dcdf0,4313202,1F1SSgOzHVTEd4ng0YLNDXckUzKDBi_mI,exact-md5-duplicate
1RqVJrkngySR34YVPfTaK_xlV0NFx4mVg,IMG_2308.JPG,c7250c30249a60e42742b5490b6be2fd,4285662,1B9HBT5VtMqX1u78A68pIkhmrYmcjV26U,exact-md5-duplicate
1BZFs8SAjLTEDtj0--MvmpRc5wJl9hOs3,4518_1787521412821_4623.jpg,741f0ce09bf87fdbec408e93ae643f01,4252424,1j8lz4IpL3OC03PKG3fCF4_Rn7Sl7l9CK,exact-md5-duplicate
1kc-WQiql5y5loQdV72BbS9TTxwD9U9_U,4212_1787520611902_4313.jpg,6fe1b6ea58c792bb2e3270162c015741,4187024,12mGB9P7g4wZKeKsCpfU9fcc5WZysvu7P,exact-md5-duplicate
1m9lpxiPn-UZoyoVShYcaXE2xUcrW4JTL,757_1787415474977_763.jpg,60d76a2c5f74899f54d8e8e92c1e663a,4160682,1jM_cEby0MyECte_S16wmt0N7TCE6Vbu6,exact-md5-duplicate
1JxW6994FPTmyF4eqglushTZagZZ6q8Tl,IMG_2279.JPG,1e9a082d9616bdd89342b993bc36cc70,4118247,1GCvcqhKp5FoA3_gxyvkCgWnDjCPph3d4,exact-md5-duplicate
1CZmhQWJ32eO-DrZTN-Xj69RVEBd58QUT,277_1787424890123_286.jpg,ef9e73b5c6474f01efce6a47f81a0111,1364432,16rqtP3vDc0lQUkMnfGwCQmOmZ8mmqPo2,exact-md5-duplicate
1RqtThiq5cOmALUWFccLfRYU10E58aWsv,230_1787424787156_239.jpg,ef9e73b5c6474f01efce6a47f81a0111,1364432,16rqtP3vDc0lQUkMnfGwCQmOmZ8mmqPo2,exact-md5-duplicate
1W8m59zc0FpWHJPg42H-uhhWJeobnGUqJ,600_1787425598160_610.jpg,ef9e73b5c6474f01efce6a47f81a0111,1364432,16rqtP3vDc0lQUkMnfGwCQmOmZ8mmqPo2,exact-md5-duplicate
1c9E5DssmcEwYsO0iA8JnOxEpEdp_yFOf,IMG_2622.JPG,6558239305d4e5a1f6dcc4224dee44c0,4029022,1c426i-YaTRBCZQMp9_y_9JToEHZSJ92O,exact-md5-duplicate
1nYEjZIxsV2hJAgEni9C6yNRblWz-E3Wj,1621_1787505901887_1783.jpg,ba81bbecb6594ea3a4303915521c1ed0,4025213,1DADtKWN-RFGem9FvFlU29sVJALwmbiZ-,exact-md5-duplicate
1t2suLmGSxG_dXBxFhmC1vYraRugk_Way,1454_1787416794661_1475.jpg,2b1e4ae8a90a26283cfbe4403c3fb8f7,4001436,1yHZvs5udzWNIZf3aNDc8owsoUJNH4_RD,exact-md5-duplicate
1HegwGydhBw4dpQzucp4Z2cGq0FWD7Qhv,195_1787414280808_197.jpg,2ff60ac45e2740c8b100c8752a1e33af,1331318,17_4TEEZUHeARqCsslw7EUnabVS_WLgiN,exact-md5-duplicate
1SdyVYPLapyxFIxTcJHWpkmaRE8GOY8SD,2346_1787516067706_2386.jpg,2ff60ac45e2740c8b100c8752a1e33af,1331318,17_4TEEZUHeARqCsslw7EUnabVS_WLgiN,exact-md5-duplicate
1WGkRxCjOvw2VeKZqyrIXUs2BTs7egyID,4399_1787521087671_4501.jpg,2ff60ac45e2740c8b100c8752a1e33af,1331318,17_4TEEZUHeARqCsslw7EUnabVS_WLgiN,exact-md5-duplicate
1wm7MHwpGzZBY_MFSwxoLNEA1fFeNqehZ,IMG_6345.HEIC,8fde72539fb8369f307aa54ec17aee39,3945227,1BIXQF8Cuj7ZLpD-gKNTNhZR6-wyYGfUk,exact-md5-duplicate
1YkCT7f1LUu2i3qINd0CBvZ18CgdBp2Gn,3116_1787517848807_3171.jpg,56808250e0b7582c6a006b3b2019172c,1952217,1HlUhTLSHnfXVepXqC_zubW7ucjFutJKF,exact-md5-duplicate
1_8zJx0BCgYCqQlGokEdfBEIX-nS1POvo,1517_1787514182823_1541.jpg,56808250e0b7582c6a006b3b2019172c,1952217,1HlUhTLSHnfXVepXqC_zubW7ucjFutJKF,exact-md5-duplicate
1pQgSuQle_xA86_5cWhuULWwICrwR15-q,1631_1787452053725_1671.jpg,750968adbce9d60034785b47941be8bb,3850546,10ahoKmhHPy2VjrEv7wpsrEzTkpsk2BXW,exact-md5-duplicate
1LvKF1-YU40iNdzGGkaGjEgF65xJlizFa,1084_1787513136001_1101.jpg,41d803878a57681a142453b98a9b0175,3830596,1-WuDkr3utu2cathOZJeiqiug17u7B3Vu,exact-md5-duplicate
1CQfssYu6CZuW_M7mgCH1G0CCoujQaIHS,1501_1787451711339_1539.jpg,5761410bd89e39884a1e2719a423a471,1267224,11kgiLJTWKCl6TrnCGzXMQ4yPo7y-xsxe,exact-md5-duplicate
1dtGzYia8SOO7UBE-wsJZEtfvrifRtgat,468_1787449261299_476.jpg,5761410bd89e39884a1e2719a423a471,1267224,11kgiLJTWKCl6TrnCGzXMQ4yPo7y-xsxe,exact-md5-duplicate
1jM9BnE1iX559oLQP3CXeBwBvX8R5YPxK,1668_1787514545642_1696.jpg,5761410bd89e39884a1e2719a423a471,1267224,11kgiLJTWKCl6TrnCGzXMQ4yPo7y-xsxe,exact-md5-duplicate
1nHs0z1odRexmxDWesD_SV-9bjS2QFHRk,IMG_2285.JPG,a603c52ee034d7aa030c53b92c6d9974,3785359,1HUtmpKG8Lp8_9W98Ipyb_yY4LuX5fpmd,exact-md5-duplicate
1y0M-LArdN_SJQ5P7AytsCSLr4iTHL5-T,3164_1787517968077_3220.jpg,5a73a2753ab5273a5250472c17a24297,3741373,12UYDG6fCcUMT7duQu8NLVyF71FoKjq_G,exact-md5-duplicate
1LRe6dcoyRyWTD_jISBQHNhpUsk3xiiIs,IMG_2661 (1).JPG,151a194dbfc306e54b81dfb988117903,3678486,17CI0w4qTuB3ta9dsqM-MPYpVx8wekwVO,exact-md5-duplicate
1SFX6l8RWIBFoOYuuN4sV5u2UdK-YzgPx,IMG_2300.JPG,23931dc6ab03d65a5f7a8f40bd0ad3cc,3670845,11Q6dDHOR_EMg6WuJwjAKrJeZOVNHW1n7,exact-md5-duplicate
1H1pHLXR1YcIy7Ef-_6HkOTk9dSb9-zpz,IMG_2351.JPG,e0e9aafac3d5e857fd24fc577a81b136,3659683,1GsNXIV7_0_iN-MuFx-hB-dEgljR8yh1b,exact-md5-duplicate
1nWuL5Jxe9P1YcX2DgcXxl95RjuGSU_0r,1160_1787513302869_1177.jpg,007c23e8896a8773e961de649b5d02db,3648593,10GN91haLhxXnLHufZeWbqLPa259Hqa4e,exact-md5-duplicate
1bv6XdISfEcKqQJmaLqAL2uoKhSCoVGhi,1444_1787188817056_995.jpg,9115daaa5bb1850c1235db98117aaf73,3639960,1Nxmlu1rZDlK6Ux1drVTE_6r30c90gpE2,exact-md5-duplicate
1lm1rlLMg8L-ufVrpIhmvFhZTv3aqfjGl,IMG_2386.JPG,95acec33ea699370b6224c8fb816fd5f,3552229,1V1EXtCb4G10ktcKcJ01n0i5r5oS67HE8,exact-md5-duplicate
1mDTmumbEQfL9okv_oNrg3wbvqbgfFpOm,3331_1787456003632_3491.jpg,c6eb892909e1a7d731912988be87dbb8,3526793,1_XQcnZp0Ph_vuZh2BYgcastPUxJ7R47i,exact-md5-duplicate
19HCytvcWVPCziAUx64Ei_DcCOrVb51u5,IMG_2325 (1).JPG,d0df7724505af94d8ecea1e2400e803f,3516354,199Tx_gI_lPmpaTF_buknmAP59JIPMVIr,exact-md5-duplicate
1nZ2a3o9Bg0JQLn3Jwx1LuwM95hNjiX6E,IMG_2326 (1).JPG,8e03b127e3a3702633be313f1bf9184f,3509141,1Ooyf0BggG3ZvwJ69QRo22vnpX3Rx6cxV,exact-md5-duplicate
1pcTFQ2dg4d5Ez1z-j2dDOuyak6sloJ8C,1039_1787439508954_1088.jpg,aa58bc2818761aec270c8a25179f423a,1745612,16BrWtXMgpt0zx0vjB17tKJ7UcPuMwKin,exact-md5-duplicate
1qzBK4nNlgDNmVyYoU61M-J6fu6qBXJUv,1028_1787435688665_1077.jpg,aa58bc2818761aec270c8a25179f423a,1745612,16BrWtXMgpt0zx0vjB17tKJ7UcPuMwKin,exact-md5-duplicate
1nX14x6QD_hkryTUIFSsHDwMi0V7RxV5p,1685_1787189189049_1154.jpg,b780cbfd51a55cbdfaece54e48732275,3490894,1-c0zJ6t8gdqiJnPNrqGQXLbze9TdcGMF,exact-md5-duplicate
1nKOqMKNAxl0ujr9mO3xOgiP92ruWEfOc,264_1787195370833_210.jpg,d53a1ec8181b33cbe0d7b299781260b2,3485037,1Q4PDbsaMN9YcRewW_oo-F788dB_TqaLt,exact-md5-duplicate
1xk5_6hEbqHRVEmUd5Dw1uUS0dpNFcNBW,IMG_2328 (1).JPG,a32581d0311558156ccc6aa64f3df518,3484764,10xfu3ijfQ_-5c3BzOwjLxqHO1gdmI3kn,exact-md5-duplicate
1sdiBbByruF-HwfV8xGyaaM543eOi1p5K,IMG_2478 (1).JPG,575ca5ab76192a931dae227b47740c2f,3447845,1RIY00ZWeluOhYmXq90ryvcvzfXeDpJ0F,exact-md5-duplicate
1stY1veMR_Wihv9B8XhXahC-kzIuJFCYA,IMG_2284 (1).JPG,830d49aec99aaf066dd05f389d1fd4a0,3427746,1jFhbjWc3aFyGLtzUJYzgoQg9NkMj4iTK,exact-md5-duplicate
1rJTRG7v6N5Qfpgya_rKFG0pJ_8xa4KCu,IMG_2399 (1).JPG,69931493f78ec109b408bbcc4ccf274d,3417617,18LMi7NOZXcZeRiF6ERpiML_mRXZzbaEK,exact-md5-duplicate
1_xFtjW9XGDPV95LiyRQO7sDUWS-UiXIm,IMG_2414.JPG,9099fe922f17d685011d8fb25b44bce3,3413668,1UYC3pFESsDlKyU1S-INeXwlpX1joOglJ,exact-md5-duplicate
120rMvufaiyTmqzhOJuDzFZQ4XdkhbGVm,IMG_2350.JPG,349e95edfd52195ef0e30f01a0e89436,3381362,1-2gmEb2L5dZd6ZP6HDo-p0FolrFGId-g,exact-md5-duplicate
1ryu16qDCJt4tRs_lj9jI7y9M4aWGH0w-,IMG_2647 (1).JPG,9c3f62cfa3f7817991482c8347d9afa0,3378721,10gPv2o44Fs0ZdxkVjXbmqV90BdTjnoUF,exact-md5-duplicate
1yy9Yesk1xEvnSVpQk-bTgWk80eFJIyzj,3727_1787519308795_3795.jpg,6dd6e4044931fb62757633fdff76054e,3366958,1WBoZfHSXRYkDmKmD8O0LL6xzRKMK0Xhv,exact-md5-duplicate
1KlH01iMB9BWIrW0h-FyXD1cpW2zQf4uj,412_1787414815643_416.jpg,4b969183c81ffb94c71422383b71ba84,3346114,1HcEj21TDQmKE8ATc6F_7nSfMEk2RCQY4,exact-md5-duplicate
1UioNdq9eN1NRRWf3QvdRaBdLhedU-08M,2438_1787454001696_2523.jpg,8153e6d8a0b4e1e97de7b658c7ff9b2a,3321022,1Ak30i8QV-DtV26kuuekL3XKa_Pefov20,exact-md5-duplicate
1a7Nu-C6bE1lC7OAB76szv8vNuDa42wrL,808_1787163905155_275.jpg,0b042ca34ad3eed5f2cb9317a6237539,3314480,1AvCbGirCNtj5sdHjEhmxpApAcwzw6B7v,exact-md5-duplicate
1-V2edZ9igsFFR7KjeGX-QqoWSlG93KW7,2423_1787516236873_2464.jpg,420c62b63ea2f8293bbb9e0d985f5642,3312687,12kZIk4frjPYmU9mWSbUljKqiq4cxjVH8,exact-md5-duplicate
1uPH6uxiM6XckTrfR14Tz9pI1RIDq0IHg,IMG_2354 (1).JPG,7b9883d54516929e5bfb95bc21224c37,3264783,1_1dSPBWzbEcSZjrA2KFJAa9NxuZD8e_4,exact-md5-duplicate
1oOnIhqlDTaz3l-2f89eSjbAHtimItUTT,1721_1787514671779_1751.jpg,108d30f3b36e587c7b16abd0fd71322e,3251765,16DqmfIRPN4Ij0Mu56b71BIPpc_YRwJQ1,exact-md5-duplicate
1LDq5uqdJaCMLX3Kn5CuZt3cVP_hcAdBb,3979_1787519972848_4050.jpg,2a6795d483cc3294346e426536336102,3248280,1z1tSbbYZtMc3HQJ6X44YdFQU3FIdOV60,exact-md5-duplicate
1Wyykno_zyaPiZDOWrdOQcS06oOm6U1-o,1084_1787188159919_730.jpg,74270a804fbcac7f6d851e4e94041565,3227531,1PXdfISZdtTErAaV9AmBu9UBRIt8YOKeJ,exact-md5-duplicate
1jrqemQ8WERNiOfWoPViHZkDXyPVriWak,IMG_2283 (1).JPG,21d808501109b946fe895cf041588541,3170510,12ShULrNKyBADoQXVaLe06VZ9auUjykPb,exact-md5-duplicate
1mc8qYHUjyIOxk0LfAvEn83Oezw1m9tFa,1003_1787415898619_1016.jpg,cd6e6ff91dcdb55e3b748f599c03211d,3165615,1gatn4MBHlqKasi3z_DocsLFYHflnSy8l,exact-md5-duplicate
14U1fb95UjUTm6bmNNV52plq1QlAAGu2l,IMG_2282 (1).JPG,95c91c7f67a659074bc3957926913d76,3137895,143GwhmfAnyFOj2D0P_XMquyNKNsT3p9P,exact-md5-duplicate
1yczqoH0JW5bzFtBuNJzjTPlK3UOd5AGd,IMG_2296 (1).JPG,52fccca1e435c3e325b3abb902891cf8,3088885,1D2NJ_p0hVI2sOrqnGVVAVbtSKxKJtcIN,exact-md5-duplicate
1w13SGvdlwr3b3qbhVcpqsC1eBf3rMYFm,IMG_2320.JPG,4066831ac535ceb1c88b2cc38fc95653,3088213,1Rcm74AQOZJtzmJcn8a4sHapIKa6hXPWz,exact-md5-duplicate
1ngbAOozdQUo26UswqJxn5S9j7T_d7cJX,IMG_2337.JPG,108b2bceefc5d186ef64c2a8f175c18c,3082121,1309zjowWC7JEJxqxp_LCSxOfekksEpfH,exact-md5-duplicate
1jf924CKT3lo0ZK5D1B92s_-4AZfBZiej,IMG_2318.JPG,3dc518ed2b4aa03fdec13cdf18551d0d,3073276,1WyCrn30mDiPnUIoALalkiBQFOwNC_p1z,exact-md5-duplicate
1IgkziS44xX9c0OBs732kfhE76U_PDnqN,2586_1787454347642_2684.jpg,4263fa5be99d9a2c8ded9ceb93ad36e1,3003429,13lLsL57WwoM29gMoUXH-j4tJY80-x03w,exact-md5-duplicate
1e-2Tx5XKQ6JHhtjhZ61ZckCrioSPrb4F,1169_1787513322682_1186.jpg,54e7bb5482f209746a132c13d6253dab,1482726,1OdDnbclYwJ_8tuyJiYLZ4FcNP1fxfTDF,exact-md5-duplicate
19HJxp5j780IK3O5FMjwreWDcfwIh56FA,3814_1787519542651_3884.jpg,54e7bb5482f209746a132c13d6253dab,1482726,1OdDnbclYwJ_8tuyJiYLZ4FcNP1fxfTDF,exact-md5-duplicate
1I6NOfB5io6JoWgSndXNUuyYcHI-qwhgZ,618_1787425639151_628.jpg,c71dd38845f79c291cea77249483ab07,1480984,14A_-9wxyMZKI_QRXJNgtqpshADkBfn0a,exact-md5-duplicate
1vH5E57ouGJvkHaJCRSVF0jj4v15f_zM_,608_1787425614183_618.jpg,c71dd38845f79c291cea77249483ab07,1480984,14A_-9wxyMZKI_QRXJNgtqpshADkBfn0a,exact-md5-duplicate
1Y1pHZ0PcRPjQnEKEwH6PmgAgmROl0TLy,IMG_2280 (1).JPG,52384128d4d0204d13e6d8c10025c497,2951005,1B3KBzytAd1A8Fpa-jCMWdRUuuaxNtUQh,exact-md5-duplicate
1WnGIIIjuwxJPm8vQOtshcONSEq7R5m3V,IMG_2644.JPG,5f25ebef8ead75b76ac964a074438d7a,2915507,1S1uzxUU24zhjLDAz2h6UFbbZYCMwSArj,exact-md5-duplicate
1VYI560hzlXf21OASPu19MvReAeLmMyjO,3770_1787456859678_3942.jpg,41bed1c14b3859c345d5e2dabdabb9ab,2911964,12Hu3iTE4tvPHprdtsVVvcLi1siIYXLfP,exact-md5-duplicate
1mz4Bh__sUPuC0EMxQgB2TZE0RliiTwbc,2090_1787453143656_2156.jpg,0773f1e9276a58df1ad7b502f9e51681,2910299,1DNYJLIUolPf_iFmcW-1YJWvk7PCgyLDo,exact-md5-duplicate
1xwZXP__BsdCYWS_rInz1hZfJiMfnOUth,IMG_2338 (1).JPG,db46a3a33c666eac47403d999bcc5138,2856975,1UtyoLk1xfRvtxBCUGUn3IycjVUluUazi,exact-md5-duplicate
1Xvh1qKCCyY7tNmMBxOwkdDE55maKsbDS,2846_1787517197691_2892.jpg,eb1d8377904ce1362eb7b19122031b63,1424698,136AsVISD12L3mV1XSp7oZuBnFlxttJo1,exact-md5-duplicate
1yHcgq5Albx_EVFRNL9fPrNVXFI4Slnzz,1907_1787515112696_1940.jpg,eb1d8377904ce1362eb7b19122031b63,1424698,136AsVISD12L3mV1XSp7oZuBnFlxttJo1,exact-md5-duplicate
1UB7zlhCIKVPmOzu_VvaakytElE1-z0qr,IMG_2352 (1).JPG,d02444e0f7e5266c11cb5804ce308a77,2823461,10lMfb4fIhCv-Ef-Z3uScwnUTmB31sZ3l,exact-md5-duplicate
1OtS7xwwVB3SaGZ1cHcCjRHZBr3Xyp89Z,IMG_2358.JPG,a46b01bc1a9c99610453d29a414114f7,2810103,1OhqjFQOg5Hv9k-7j-DxKw3x-g627ynOQ,exact-md5-duplicate
1ooOZLbRXnfNdrwKgf9R3mw8ifjAEo6X-,2254_1787190007029_1506.jpg,4d4857c1e214f88797e101b7b87c4bee,2804125,19vSoJY9cJdMOLZ2Ae1sERdQtlEVD9oLu,exact-md5-duplicate
1V0l_27OpCpKni2Ml0jJbWXyi4UqpG7kR,IMG_2184 (1).JPG,444f1c6434be099cf455312a30a5f992,2703395,1DsJCPl6ZTuhfBzLUqpmQvMkJZT2xrAO8,exact-md5-duplicate
1o4WFs9MMWnn7KPsbk0g71EDkCLD2zCbx,IMG_2652 (1).JPG,04c6b1c9b4adadba775946d4f487f33d,2701952,19d-AvC_sY77NtIqyGVBCglm8Oji-sPIn,exact-md5-duplicate
1clTD-66XGiSvfKYWEZJTWmv8AE-51Dzq,1777_1787452398563_1817.jpg,efa2e26cd39185ec809ab9ad4f206678,2693357,10dA1NdxUU8D9oOOnRpKmDEDT0ggpkUBO,exact-md5-duplicate
18Rp7mQ2vFaEJ3XeDRJAIcGLoEWmOL7N1,5191_1787523163824_5339.jpg,b40febe1c13e1b4c8a37d36403e74dff,2671420,1EzTLtaoW-xzaA21kDReX4MrY71AmHB4e,exact-md5-duplicate
1uW-8czVCYDTLh-oC_pCaMXWwt97A8bdW,780_1787420778854_809.jpg,429a4f8967366d4f53fff3f1dec2a99e,2665133,14nVsAqSlEU4ibL152NmNeKAHFpszl2_r,exact-md5-duplicate
1Y3WWbXFjY1wo34ka0pzgruDZ-IPrpTmB,4702_1787521880770_4814.jpg,f8a6a2e5e2760e4232abffa087776158,2651996,1EZiRMOYdpVNY2XOO-fzxp5q0KcCyUuOX,exact-md5-duplicate
1qS_0j9wobUOYlc5Moviu2TqTA-iCvE2w,666_1787425751281_676.jpg,21316781b9d3866d5d901eba8cb28fd8,2632993,1asxcPqZHp2ku0K6hBcLX_VJp6r5HuTqn,exact-md5-duplicate
1ege9NoUH4HXTScH5UQD3ePgZdEhTGr_x,IMG_2255 (1).JPG,d07e93d137b4770f120608ff370c58c1,2624158,19vhbkp1CjvU4mFoz3ueDqr-Mq2hKmAwL,exact-md5-duplicate
1MXk64F90mXwLjjFnWqWOq50Qv5IiBGhw,132_1787195149762_105.jpg,4d086f6b17d7478befa0de6271218396,2614223,1CfoSxGyVnP34C3EE_B59Yk_cipFtFvRf,exact-md5-duplicate
12ZvIT0mZ_br0KTWtoCUin7q-sXSmDbAZ,714_1787499447819_736.jpg,42b696f043a06b3b9ab265aadd7918d5,2606564,1-GSyJ4LV8l6cSnjR-7FDcjH-F_2KRQgM,exact-md5-duplicate
1gwA0gNfqiTfEdERxwQ6F03Ow718_fAnU,870_1787410945981_921.jpg,f5c29e4eb1b3af6133b85be29b8de687,2576373,10XRF6irbGAfI5hkSJ-BHRb5PTIu-pNe4,exact-md5-duplicate
1eKOnvE0kMkZuhwkhlrw0OuUo1IvoMXmN,619_1787425641247_629.jpg,76d45bb14f15e5eb51adcd737cd5f959,2565640,1UcTbnDN0pL4kAEbW4ZZspSq6P5yinGQz,exact-md5-duplicate
1tsr5CX4xbWI4-OqHsgu5ENf-FWkYDVaH,4320_1787520878684_4420.jpg,eaa141ed1fbc148465e4810f0b8be451,2557106,1E14U3Qh3bWDsCXzMIadGGIkXksHKcB9N,exact-md5-duplicate
1vwx_TzRi9gzigL4qPhqruuJbCFQCBkM8,4021_1787520083716_4097.jpg,0187e6196da76bc1f1597475e3fbd04f,2537175,1ejCvYeFyaSe8qEH8SHpc86-48Y_w-4nf,exact-md5-duplicate
1qCHP21Et2gcvpElIHMez4K_VaIrijBZW,1351_1787188647883_927.jpg,e02b7f53721637be831c361226b6c082,2509048,1popJpYYqz6rEhUwDkEMUpTWpkPGsr7cO,exact-md5-duplicate
1uve-QOb75sAoCkrxtxi8iAvoWH6b4nch,IMG_4582.HEIC,63e3319ae1dc17ef0d07a5952d10c9d3,2508667,1-dORNEpD9cx0YNEzr7qKoCjD_W7PTPeo,exact-md5-duplicate
1qG70gs9Zf95YataH9D_6G2INu8b-24tB,IMG_6342.HEIC,112945b4f6de27e132dc4633763e2184,2488954,1nPLE8ArClCkJQfKbPBUS3Q--Qkxg6nit,exact-md5-duplicate
17YFVbON7QFmiHxvME-0_b_wD-e2hshDu,3745_1787519350726_3813.jpg,81c1bf1a4b06cfa454ffa59ef8de7cf6,2487063,13oGKcuhMnb-xgbC0LOJDXB3bzKlCWRs0,exact-md5-duplicate
1f9E2PVC6hKR0v7Pmm__qZhVE4wutqgF6,IMG_2310 (1).JPG,41b200c787e451873e11dabffc9d9ffc,2470614,1EVFfW2pO9TJbymH_s0adi9Ung8cRfguJ,exact-md5-duplicate
1vR3oLHvLEzr9DxxUov3Z4aKMGe44NFRq,4323_1787520885718_4423.jpg,079fca77208cc2b58a3b8105a96a882c,2464856,11pvdceC5vyNC-DM6Yz0ICfBbIrtxuU7O,exact-md5-duplicate
1uEBEM6MBCQmzgZ5lMUEc4lTBhIraqihT,IMG_2739 (1).JPG,debf05648c032ab6854e3f02c45755a0,2453833,19GA-GhWnubd-jf-vhdzavCA8J9YorEpe,exact-md5-duplicate
1ttxoFjGd6XYoyWXULi5Ngw2E33epT1aa,IMG_2327 (1).JPG,ed968d69bb96cd7ca25f7b8dfa02044e,2450218,1OT4rDbl9tFmhwc2lHu_oLBypMwivC65o,exact-md5-duplicate
1UfEf3t5Rs6uaXJZIlJjodDIS9Xfn_9bV,IMG_2389.JPG,d436d16ecfd1316720f6828442067339,2444311,1D73e7f32AWfD7v8Dpqtf0gvZg_AluuBQ,exact-md5-duplicate
1q_y-YBw2yqlLEnU9pYDAF2Fv93tpMW4D,IMG_2655 (1).JPG,415a207faa1572a80eec22b610adf600,2443652,1lbpIE5EYLThPSk32VHC4SCXNjCcrLNP_,exact-md5-duplicate
1y6vT5ldIfRdfF4aCi1PFt-bB_BszMulY,IMG_2742.JPG,18b4e3b98e0f476d890c4347270d95b3,2439886,1cIE508rl8W6NiPHwgxCeR9poYgdhyGag,exact-md5-duplicate
1ksrMVLh34MceiN-z1SD7Q4bfxeJHW7HI,375_1787187117813_280.jpg,42c82456c98d1f7a0bac2a1907ccc518,2397672,12PUzB5gfyCyRv26mwEH7Y20P3aBjkWeg,exact-md5-duplicate
1eTlqZsTF1sZG97FQwuYSpweSVkydI0xi,4319_1787520876844_4419.jpg,aa58acbfafae5e6e6a0ba03eceb6f500,2387793,1MCmFmfUf8UUZI6HmPl-9kqLae7tXG3S9,exact-md5-duplicate
1mTjOX-N7jHHJzWqdcBECkf1x1BrZY7yE,5092_1787522955878_5234.jpg,b573f7275d1a2524be0c2ec370a236cc,2387748,1RFob_EbwYf2IeoE34hsPc4RnL8HYUru2,exact-md5-duplicate
1Wbj6chkb2thfQBf3DlUy9yjXCjRp5bJ2,1944_1787515203751_1978.jpg,32a1a677d50c32fc1b98560a0f98229e,2383985,1BmHUa99m4711GbnCodN3Avgm6SOQmhc0,exact-md5-duplicate
1AiSI5kO9gymWli9GY6ft60mq47R8Mk8x,4095_1787520298691_4186.jpg,e7594a567422220ad67586d306f94995,2383142,15Uypq-vfD0coih_11qUcFuvOss1D3l6r,exact-md5-duplicate
1Odeg0Oj-3ssRiaBIWcx0PuUs1siK-mPD,2159_1787453305567_2226.jpg,74c37e8395ffefad99e87b91fc0d3bd5,2304144,158PTWw1A8q9jlqD1YB3866MVVXHSyMpX,exact-md5-duplicate
1yegxSy_pf7330J_nt615vme_dlIEwV8f,IMG_6274.HEIC,5074508a288f44ba89a04e002057605e,2253497,1AMuUqcglO-EvwxR_DLyuFF6FQTtWIC7l,exact-md5-duplicate
1jOY7MFjDFrDEgDaxqMuu3lvjZrKcj4Pl,870_1787426278247_896.jpg,b4358dd5874d1cc5ad993a4f9a811606,2247896,1y_CffweMFnJQLpXcncWNPw-VJkq4UvPm,exact-md5-duplicate
1qN-EIAWdE5Yry5US3oR2EWYuEcIVngI7,2007_1787515359817_2042.jpg,e0b09af8e751305f8278151fda60cd14,2245896,1FD1TBTrNf9wRSRplbZpB1zpHj_mxzgL4,exact-md5-duplicate
1ZTBj6jZfvqbqFKoZbThnoaQ1CgLYpWav,4968_1787522560728_5095.jpg,b3e55d8df5eb61b68136e95d60e1c0bd,2245361,185Od--xAnM7gWLJZ1xFJoTl4rZC81TUQ,exact-md5-duplicate
1VOfYp7YMheeTAWsyIEm2_FKiT8Ep8gom,IMG_6273.HEIC,fb41cc3e6202af5c81a5f69c12a68524,2234351,1CmwB5OLjejpcuoBdztQE_PK2poOLOfj1,exact-md5-duplicate
1tvPp9iW8WglVqDVzKutlY3O7aMvTxYUi,1495_1787514132717_1519.jpg,0f9fe480b70238e1f41ba0bee79185a3,2199766,1sCCTOZ6aU3SJaygoagZwuPzA8E3TpWeW,exact-md5-duplicate
1z2I_ODWb5RJfVEI9P5vQf8ITv5XuMu99,4160_1787520471749_4254.jpg,526d79a508137592bca5245e1c733adf,2195664,1DNwtxFaiEXP_lopKRxwkF8I7JDQFm6am,exact-md5-duplicate
1umeQgFHSKFk7FKCKyNEjIfBW9EtrRnI7,2900_1787517324747_2946.jpg,892048b8a69b5fb69e58598657bd0a10,2163627,1P6cG372nu1OQmsublEc96sJBE5Bh2ygW,exact-md5-duplicate
1Zs-dVteE1OdlImuaqNICEccLpW389AjX,480_1787410064793_518.jpg,f227a1f607e139fb8f8feb1f6d941f12,2157687,1-t-OFH5LoqxI19zhKzhIQ0MCCuOTo1Mn,exact-md5-duplicate
1QZ6_QggF5x_Ho54jCRl2l1xCyBygpN9d,2490_1787516389645_2532.jpg,e7a2fcede0600471000505eeb9d8de6c,1074779,1GBjaJ8O1-Q7dzJGuvuzD0t7SpO2PQuQi,exact-md5-duplicate
1ELITFh6Er9yYV9Dpby6jVQPRkULfcBG7,5012_1787522715581_5139.jpg,e7a2fcede0600471000505eeb9d8de6c,1074779,1GBjaJ8O1-Q7dzJGuvuzD0t7SpO2PQuQi,exact-md5-duplicate
1w5uxjlBYVm5tNwPSelFW47ECQs1zneb8,1348_1787513744850_1370.jpg,2a36d3277bd3975b2537d83c43cd79e0,2135204,11SD-h8iFKfaEylxekYZNTD0otqqt8r4Q,exact-md5-duplicate
1pxMl6XxU5rCdtFZ0_D86BJVHzeoJzfmY,IMG20260607185906(1).jpg,4d4d83b1726553c61897882e8ec8db60,2133638,1ALa0GpLknpZCZuRk91NNkqxuDKLzyu5K,exact-md5-duplicate
1xpu_xMKso5JnMzZ8nGrRmrX52bPumEyk,3215_1787518086730_3272.jpg,3c7c6f98a1a628bfa726c1e4165c4c1b,2131719,1Qha_iUcBfaQme-VSdAZBdtGgOEqglByM,exact-md5-duplicate
1sE1sITUPAj2smdofEzGav2pu65vPrUpT,495_1787414957045_499.jpg,89268b92bf9bcb85f8dfaed76820e45f,2121846,1gMf-KXqRnXU8G1k5LN2Cjls8jzzD7wtS,exact-md5-duplicate
1Tm3PTj9fRd1TMn-CrNXCBqYLGWDJ35NQ,2204_1787189942819_1476.jpg,6a132a15247efb0347fc16368a76985d,2118319,1Fu6HlPH5J3JNNDbWVlVqIPKmJJDKmFWX,exact-md5-duplicate
1lSG3FRucc4Gd2cmJQ76U02Y7LQeLvIBz,2844_1787454925868_2968.jpg,ce28865b12a968f6045c4c34ff5a93a8,2098840,1DTa1z1zP27X1OVIqgR49RkiovJAvy7q2,exact-md5-duplicate
1kwkQ8IzZrm8XndK_Oc7-OBN--VZdr9VR,IMG_2649 (1).JPG,c69ad4b440eaa7fd6ef17a6e345f9b9b,2087800,1JtN_Md2UEDp3-vqQZF4IYrIg4XI5nMro,exact-md5-duplicate
1yGKs5o_rl6BJvHC5CCFWyjn6dXXk1aRQ,IMG_2274.JPG,fedbffced0c7f67d8ae192e915ae114d,2078678,1h0ylMnKkYBfZcZhcE6WGmDuDvUvDHsjR,exact-md5-duplicate
1jUVllucDglFXUKmauEFY05zdvpcVQ6Hi,IMG_6343(2).HEIC,6446e0b8f027e804c98c51436cc1490e,2059664,1havmfW0uRyrM6GwsVY1cGQqUNOHaBn7T,exact-md5-duplicate
1vluNutGIdXFc6kTKWvZMLY-HxV3irBRg,3193_1787518039742_3249.jpg,4ed8517912f2164289a6c51c76165c91,2059649,1nFVPr4yGct7DihvkDkMxUBO7T6ceCTbJ,exact-md5-duplicate
1nvwa8TAnCnyx5oT8mXznSPUbP_M8IG-p,522_1787449406520_532.jpg,06fc230d5f3a1b53324a16122effa4a4,2050076,1817-K6-vTBdjan3qSFuH7h3BsQFqrBpI,exact-md5-duplicate
1OpUSMEtU1ASdWkcSRuLJmDGqEA8lMgaM,2553_1787454287457_2650.png,c5dff081e5184c9d8b3969714415e681,2041283,1PWeLfF47Jobktsb9aFwHKp6k8nfhFxE-,exact-md5-duplicate
1fgw34J3P0q7D-UCCduYA73IFaihmTm4f,2641_1787516724784_2684.jpg,d55fac21ec3ac55471c1ad5abc1e39fe,2032523,1dOv39yKmEcqZkyv_TS8DV8sKCnAbho_o,exact-md5-duplicate
1W9u6y4twqg3bzSLK_pg5K0NT2P5oQ65T,1189_1787197064166_924.jpg,b1b510147ee0cda9768661b9ee19fb50,2028403,13xQnw2ca37MVm3Z69ZI_SJXs4f7siaCJ,exact-md5-duplicate
19cCUmzAr92FPbFiwxpcKhj0HMYmd49jX,1317_1787513668669_1336.jpg,732b617b36a3667c21843978a52a8c89,1010373,12ZIeVIJ27WQolURetAf35DOJalZgZrkq,exact-md5-duplicate
1Ze_9nKN7ZkyZkq9DG4PXLzZrV-SrkWIG,4188_1787520548783_4289.jpg,732b617b36a3667c21843978a52a8c89,1010373,12ZIeVIJ27WQolURetAf35DOJalZgZrkq,exact-md5-duplicate
1Kk9yRfz60wG4UwbPXntzVu9L6jPdxhoZ,2884_1787454997700_3011.jpg,793a3b41aa0faf23b0b1073242643fc0,2011581,1qfKjU3TvBS5JZNH_1vuCx3nCUBMHLFuh,exact-md5-duplicate
1hHSTqOzPK-8RkdtYQgqBT6ZSC2HlJzDy,IMG_2356.JPG,5d875b1cdcee6e972a8d2e8f975aa0f7,1981138,1d1HRddfIlhefNXHE7k51fK72F_kMifuz,exact-md5-duplicate
1hm0L-_RljroufrsoIExzJsSzbugHRzrV,1062_1787196771729_821.jpg,ba99717225121bfcdc55e91dd6a89a40,659061,16PqAh5NryIwRN-sPhh_4JLyT3E2_y3xz,exact-md5-duplicate
1BXPezzozsN-86IEASeN5lCiyPJyBc4X3,1492_1787514125580_1516.jpg,ba99717225121bfcdc55e91dd6a89a40,659061,16PqAh5NryIwRN-sPhh_4JLyT3E2_y3xz,exact-md5-duplicate
1abkJW-mG-4eU0R1RD5Z1LiVLsODXM61X,4274_1787520764568_4374.jpg,ba99717225121bfcdc55e91dd6a89a40,659061,16PqAh5NryIwRN-sPhh_4JLyT3E2_y3xz,exact-md5-duplicate
1meGiv4rIBcl05yPCiUYwKX7nUy7KOVHK,3970_1787519945698_4040.jpg,95425734f81110543d8c41026c29e0b0,1962605,1ql0LHslCh8jpO6IC_1Lq33UPbVXryLON,exact-md5-duplicate
1lR_XEJiss-lIItlpbFUfzcDFf8xlA3bs,2496_1787454137341_2583.jpg,5221ba586c61c317f2eb1c332ffb3612,978578,1PfVcIYFWcRr1ykQOa22_e1zix66HxhoG,exact-md5-duplicate
1s4UiofMezfnokHa-1y6X_m2VRbpN7aQJ,2588_1787454349435_2686.jpg,5221ba586c61c317f2eb1c332ffb3612,978578,1PfVcIYFWcRr1ykQOa22_e1zix66HxhoG,exact-md5-duplicate
1XcJq8qjk65T2MjFbpPf6wGAh5jgxodim,3215_1787518084725_3271.jpg,2411a90afef39344e5a536c109cf4f42,1950882,141k0PQxWk3_va8-vQtRDaKMXKWHp364t,exact-md5-duplicate
1imlSmqEpG76zpNGJ0_1MybhPFMydxYJ6,IMG_2400 (1).JPG,eb465f012d450f9a8c08fca4686debfc,1927147,1XwlicGZ0PWJR73aUo7bxf8oJNps_aswN,exact-md5-duplicate
1fnhOuxOsBThCpv73lOgJVIOUDCGQpqsW,939_1787512812831_953.jpg,f7a9ad05e7590e670c5921883dd82f20,1920728,118pX0c0FtjWtkXEOJOGIqA0wndZtDBwh,exact-md5-duplicate
1ps3C7L0uTnHoVxr3pygw-6CFsQNCct8a,1490_1787514121702_1514.jpg,394805e1ed79a3d0f09ac1b49be6a50a,1920107,1aw9qE-4XVnX-wTudWMr-eXKU38HpxrKk,exact-md5-duplicate
1PuoofWFg6gbHUUmo5t_bVUSamMPM2I3_,453_1787187239842_329.jpg,d4a4fa4d3756da87e52692832e8aecfe,1898591,1AIUc7Cm4OYyL93Cg8Esz6yWCgRIboNDC,exact-md5-duplicate
1rO_huKBdFPccRp7jKRdgXsyph3HhX442,4994_1787522663704_5121.jpg,4addf634fa8b0e4fe9b70ea46d87e7fa,1883946,1nvYKU7BN0KC1nOnbWfbtgzBozls5jwQo,exact-md5-duplicate
1zWa1x_fFX0TDaLXF79isHNICpljt5caR,375_1787419861787_381.jpg,7e0c0f43d862c2be710e64778682146e,1868996,1aBgvW-O7kadgT_2nmQMvOOopwFsonNiA,exact-md5-duplicate
1olcdCNTdeZ0RVpjbB4Ogv0DjC4P29o0y,IMG_4347.HEIC,3a0068523b12eca037998cdd7de4ee6b,1847654,1Dqwfj2_u1CZ4jVE_vdarnn9wGe3ges_q,exact-md5-duplicate
1ni75fAoQNg0yumCBpOmVlXoD_VkOA2l2,IMG_2392.JPG,bf07f546ac831c3e83013bf7c02f8929,1846921,1iDtksMihFh2LUjWI2uFwrfrymH6-yjpf,exact-md5-duplicate
1nPKU8RY4BpyflCO1ek2fvEPboyMzlLn_,IMG_2243 (1).JPG,df35e5416a218302266a98369fbc0426,1838001,1n71UgY3k9nWH2DKXxZ8wZgETHEMRyf5J,exact-md5-duplicate
1ocVOmKDE77KySAw3iJlp2Opj7WbpBS7U,IMG_2682 (1).JPG,cb55e94c9df139d9b4f305b313e5bce3,1796509,1B-fmM2RlO2oNk7NTo6mxYx9QhmeF9aQ-,exact-md5-duplicate
1pf4V-ZbYGDPknvoMcfN5ZhbB1cHIsBCl,1123_1787416104815_1138.jpg,ed7ecf450eebc6e2eb21f1704a1fa2c6,1770250,1mJltFnSY6hCh5g2u-eD316R5MDw5PQQv,exact-md5-duplicate
177xTSISHKyTDiCKbqxzRLgqkCUZwhyDr,1739_1787189281774_1198.jpg,75e8d23c5b50a6f5bd6fa74e2846d13d,1763879,1-VNbl9oCOo857RMzHOluKSuiDrgHkro5,exact-md5-duplicate
1i6lMcIvj8duZtxmH0lXtCWCxrigFbjky,IMG_6246.HEIC,bb0c5f5857234ce5f91a7394a6ebc0d2,1758541,1OYGkP2C098vI-EwE8MwvVIjIgXMDcrGk,exact-md5-duplicate
1RxmQ1raHhzyXGjQNmfqaUCLpRu3EuAQ7,2906_1787517342924_2952.jpg,654cce58329dbd73ffad7dfdaf730015,1706525,123EsBcx_tz4VGzLIT-pduxBFFH-czk4W,exact-md5-duplicate
1Yh5IzqPrfySzHmNBxXG6vjV5-3xygnKM,decorative_throw_blanket_decor_0003.jpg,b75050d15609cca7cb54d2ac885325fc,1704222,13qp_nH-7JLu6XVUHClFaS3iH5cY8fOQd,exact-md5-duplicate
1w7rG3bma-7jam-UIBE9B5bxdSYQCea02,2200_1787189934869_1473.jpg,e0f1863790464496d79a0ed6916a4511,1688745,1kfqQpk--yO7XtQCMccv7m-NPaR7_NAjN,exact-md5-duplicate
1vbGLFtFxkbtKCwxBPq6EeHqUC81dS08J,2045_1787198585803_1533.jpg,80ef725a557182bc89e00ff8c9c97705,1677215,1T2RjveBvBFPEMwkXpcqGGlKYEkOSBQOe,exact-md5-duplicate
1xY5TUQ3Hb1b0bWuf2h2uCjrlQrFA3rQp,652_1787420461744_669.jpg,c4b450282df53dd519caef42ff84fab1,1647151,1Hdz1WU0ywYIVPZNeD-5A9AATBfR3_J0w,exact-md5-duplicate
1lzYuo1pFmndA0l2IXZEyGSpgdlP4e_tg,2866_1787517246699_2912.jpg,58432dfa5842969bb5755f830edd5e43,1632403,14TAmLmbkU6uzrUkB0tp4MLa7fEwMmp2O,exact-md5-duplicate
1jSjLN0-_AQtbBZUg5JI08k4s0wq7asfS,648_1787163702911_184.jpg,ea9d8422a5fa8dc249d2afafae8d36cf,1605554,1UE9R0qlx50v8TJq2pPG95V1BbyMzA7dY,exact-md5-duplicate
1E17xHJ1FJQ6DCZ7DDJAwRRp2xMm0_A5H,IMG_6344.HEIC,222c110741ab05d898dcfb1919da1c13,1588352,13YPyaPareRoogwG5F-2P5EJx_s2hVeGs,exact-md5-duplicate
1JeEgLW9LiOgmASw_XCNlcTg3wa3tihGt,4054_1787520171623_4137.jpg,a0297066829ec504b06b7a0b8c7e43fe,1587146,1f5eTHEHskKgt3dg0nHewWifki2lDsRvm,exact-md5-duplicate
1vRweRpjIMd22ll42Ka-Ty9-6kvAdfCRG,3499_1787518778728_3567.jpg,4436ded8fcbb2ca076beb673e3ebc83f,1567530,1IfM-nmBpbR7MQ2gA0Lk3rZN2jr0CMZxp,exact-md5-duplicate
1kigInS6VjFNf6SjgCPMbLsla4qr7AWWA,IMG_6344.HEIC,60ee70118055caecd84729f22361cd4c,1556528,1fKFsTOcuTcXpyW3BoYImCUTwXRr-KBlZ,exact-md5-duplicate
1y1IhAevtAzBw-FlTbc7Bd6xK0uPI3vBn,3120_1787517856614_3175.jpg,bd782b6a139afea872d65137d51fe8fa,771626,1snUvCjdVPd3-po6pLjwJERMO94cVVrle,exact-md5-duplicate
1Wc6QsWMeEfWlkkHLyjPYbmaKyQdw5M7W,4154_1787520457578_4248.jpg,bd782b6a139afea872d65137d51fe8fa,771626,1snUvCjdVPd3-po6pLjwJERMO94cVVrle,exact-md5-duplicate
1fb6nWWz3ZOU7PyUTNlsCy480921gF7b7,blue_curtain_decor_0025.jpg,4d86c1e5067b14283426f701b92bc078,1542082,17L5aw_Bd2vXdOIT1j1kFjvJtu5UAhRjY,exact-md5-duplicate
1a1I3FMjryV67noWIYFv6aRAhqU4rFX9k,3264_1787518214556_3331.jpg,4afc0d171c7ee97b6373664c0d1bc38f,508860,16zKICRCYUVaRM0jf5M0ol38_r53zOrNo,exact-md5-duplicate
1jR6ZkW37Y8Z3B8ADsfnBsWo9tGJYZoOP,1142_1787513261605_1159.jpg,4afc0d171c7ee97b6373664c0d1bc38f,508860,16zKICRCYUVaRM0jf5M0ol38_r53zOrNo,exact-md5-duplicate
1uRuekdafaI1DHTAU0VIEJkiBy45D4b7D,5771_1787524687610_5958.jpg,4afc0d171c7ee97b6373664c0d1bc38f,508860,16zKICRCYUVaRM0jf5M0ol38_r53zOrNo,exact-md5-duplicate
114ccayIP3WVqT6luh-DPEiy34jf13tmE,1961_1787452853405_2023.jpg,fcb114e51775e3adbe90d7db7ac79364,1509141,1lHDzGve5nkGYQ-No1ozzkyAqGqPwmiVx,exact-md5-duplicate
1EZGWsodFGUdjo1UPJKL65DU1dEpkNVhC,4354_1787520968617_4455.jpg,2a33cfef86918a66cf407db6931478c9,1500225,15VKRAbQWH7xoRqS_eykBJOnmGJAfcLQI,exact-md5-duplicate
1aRjMHR1hb8nMg30LvEVXsodTS3zZS7Uc,2057_1787515477703_2092.jpg,f2f165eca59b1f2858225d04270009cd,1499890,1Ch6NjW1DPtbtKCMBe1geUceEL1Iynn-4,exact-md5-duplicate
1s-1EPahgi8Mi_hM30pi1DNbYZkLIuR-Y,IMG_2331 (1).JPG,4c4a7c63c546dd24058dcd9eb75fe497,1498241,1nKdSbW65UZRMUQRXAOR1JcnJNXv3UvZW,exact-md5-duplicate
1uo2FKNPJaULk3h7BVTM8jS1hnsIJ2X_j,2671_1787516786633_2714.jpg,981884697625778ccfcf9c42c426edbf,1494965,1o96uwnl_2-_5G0NglhgaEsO9UtIw_rJd,exact-md5-duplicate
1eCA020TTwTKrbxZONENTCdOVCajtUvdf,IMG_2342 (1).JPG,77c3c93c6e515f89d31f921870263e73,1485701,1Y4BGW-WWjzp6FpbZIdPmrkZtzS6hixUG,exact-md5-duplicate
1gJeb_mev66vweL21BfJhAR4RcCRlBO8D,gold_cushion_decor_0011.jpg,0db54f2c7167d2c2f1010c7b01fc747d,1474899,1Pg4leB_qfp3bqfEA2CDcbP3hDfE6JOmH,exact-md5-duplicate
1WhojErxET426EagkiYqzU71u9jW1Ish9,IMG_2713 (1).JPG,e34c18fbe99eb72407338ff47fe1c25f,1463823,190ycXALlQuai4_yHFmqUqeRWE0yPAW9y,exact-md5-duplicate
1at1YLZc6V3yU0vNLC6Imi7nrNZ_8srfC,471_1787420077204_483.jpg,b36cf30375c6b015903cd29fc5b6c21e,1450875,1CiDANz2GwMJi4-Qty3KiYV1V2NJtqkD_,exact-md5-duplicate
1ucpVmSGBXVN9QLQi1EdVCb0h-UIjoiI4,695_1787196004764_509.jpg,451442f985b639ed0efb4284f4fa755a,1430102,1HlfAGsTwhCdPBUHuuNEDG4r1ZNil2EZC,exact-md5-duplicate
1y73wXw4nuVubPgs_F8Ec6LVyHlffJvxe,907_1787426387176_937.jpg,974468ff16ee3a4908290295c828b37d,1422172,1c7kdjGSE6C66mR-T-MXNTL772lO8EF-f,exact-md5-duplicate
1cu4ePkq6ET5lrA35pG1fVkeBTJtRjmOM,4744_1787521996622_4861.jpg,47dea56d24ca55754b0f0a63bc25ec05,1404879,1FuPAawfWbE0288EcmvxrYHrsgXl74G2I,exact-md5-duplicate
1yQErPZCNNhZnqL3X3fn2ESUhtqb2QXsx,1401_1787513884756_1423.jpg,2c5d024873af24fcc8326e3561beff91,1398845,1A496L_-OVe930ApBiTpz0hnEhLNdmIEh,exact-md5-duplicate
1Ni6O1fjF0iNQJT8pviQ7CU4sWm-hkyga,1508_1787197706824_1170.jpg,d0fac5a1d64ddf792e9e97002e42b5af,1388897,1GfD-tcHmSGWTdEroOs1A6Z_Iph1JMsoy,exact-md5-duplicate
1g_XlcgTaIB2MC3XKTBftf9CsaGMBnGxI,off_rug_decor_0088.jpg,eaf4bc4451c561d23171735842934baa,1371517,1Suh6EvQfcmNmBZKnSDjYEPne9me-eL50,exact-md5-duplicate
1yQgfNIlA7EmNM8tZVUzkg4is-fVS3Jxk,IMG_2344 (1).JPG,4738e6ea20e6cdbced30f4a9e8d265fa,1366635,1CtAXjcS3aZX74RaGIpDj6slY4TK1iTv3,exact-md5-duplicate
1rpmcIRVFa00vYTh0cinoIXN723oWj5C1,silver_rug_decor_0053.jpg,cd879bceb88c95f5132a0439ba6c2c09,1366027,1btCVfkhuDLdPUFxctHjzI336qKlErcyk,exact-md5-duplicate
1UoTOJsyw-RbhnMmbJWAN91FSQ4STRAEZ,278_1787424892065_287.jpg,ad77c9a01aef96d32c5d5391da9f5336,1362875,1COODN46ly98wnb0V25C4MbWiKi3kQrKx,exact-md5-duplicate
1zcQGflnan0UZgAoWLqTDX7vbGWASja5s,blue_rug_decor_0061.jpg,fa4da236be5e105734a14d1bfcff0c99,1355897,1XZQR18wPuCAwCQOMZ1jWaExhpl25todZ,exact-md5-duplicate
1iD_0r-mTz2AenOCjHpWPBBHX1IgauSS6,315_1787448923420_323.jpg,3d868fee2abd41a3d4e7efadaa1ae69b,1340538,1bxbjn0PlJa7Ts-qQYIYOP6P054GHRoSF,exact-md5-duplicate
1qmA-6GUQumljTyAGDLTt-fOF4cDrZXet,grey_cushion_decor_0034.jpg,edbef5ca623d02112cd96d0fe330b9ca,1330121,1-Ln7z17RnHJvkFwgMMwuaWY6eFiXXQB6,exact-md5-duplicate
1dX4Ciepk3lWE__sWgZaW40ZikXsjdEFh,IMG_2146.JPG,7a742001150070e52e4f1b2e1afa7e31,1329193,17N5PMaxPLFB0Z8PtkqAHOujRgwCoMSZU,exact-md5-duplicate
1NuKMNScr4Rxy8wnzKSgwGuyOobvEoRp_,1341_1787188631676_919.jpg,eff040aefd5563d421faa0ebbc0cd3f0,661185,13ON9TjaEeonhdHO8Wrf1QLvS2xciHGgb,exact-md5-duplicate
1QZdIGP0aIozJ1CLmk2YaprogdwAbumNY,1702_1787189218729_1169.jpg,eff040aefd5563d421faa0ebbc0cd3f0,661185,13ON9TjaEeonhdHO8Wrf1QLvS2xciHGgb,exact-md5-duplicate
1HW6Pf8HR6gk5ZqurIiQrvi1Zl3Javhhp,4125_1787520373616_4218.jpg,5119e92370ddce8e02875739998e82c1,1315935,1v20pK0cE5SfZ5DDrBNm69oqAPcUX4tn2,exact-md5-duplicate
1k37beahSw4O6YhsFLbMb8pMybj3mZ1EG,dark_cushion_decor_0037.jpg,e075d8766f879502f3cf086eb9435910,1314455,1FBFaAj8Mewooh4xEMaPKePyq6FrCFIBm,exact-md5-duplicate
1t9DXYrQl_2eR7pohccMtNNoKgmVt6slz,rainbow_rug_decor_0073.jpg,4cf521ce7d95e2622e9983658186d495,1310337,1pxDUfBsrpWL1uSWe5V9JP4S4q-wkZYjk,exact-md5-duplicate
1i8Tf8k-UfkZzMAycaQ9DlKalkycM7TkG,ivory_cushion_decor_0032.jpg,62dbd6ef9ba2ce731f7e4627abfe48da,1295050,107Ab5KQdKCoORP8uFLFrZ-OLEKavhZMd,exact-md5-duplicate
1UpfIXlOIulAQ9n6xqQy6hvjqGwjNiAgX,528_1787195700648_377.jpg,eee347f1a0c17e2ff4af13c4c554ae11,646883,1RdL2EmCB-SL4aX8Q_BxVja4XfM8UzXQi,exact-md5-duplicate
1isBkD43QBYqs2GnX3Nf3n41FTI7cnQg2,872_1787196341755_646.jpg,eee347f1a0c17e2ff4af13c4c554ae11,646883,1RdL2EmCB-SL4aX8Q_BxVja4XfM8UzXQi,exact-md5-duplicate
1Ybu_QM0Ly2qqqBpqWxUzvqyGu4cD6n7Y,1916_1787452748358_1974.jpg,7efc0984b707813e0a9ccc7181dc83fb,1293240,1-sWDBY3PGvZGePgctjDaVY2lMPEy1GDe,exact-md5-duplicate
1tFTbOav5veZ66OqHuzLL6-gc-DTo2-4l,charcoal_rug_decor_0076.jpg,23ed0712886afbeeae2c10a1d9369596,1282375,1XwzR-4DEj3AS1iXYuanMmcLeX-xJZHKK,exact-md5-duplicate
1cHhOnji224YcdarERFBSGrB7L9P5QC0l,IMG_2425.JPG,34e3f66820d77435fbff4f3ed8430e28,1275548,19Fvc46rav462rT5D3BgS5Y9VQjQ1iDbV,exact-md5-duplicate
1vK9XsR2xITNUG1_yH_p84uFPHe_So31f,808_1787450091651_824.jpg,c88b3f81e33ff7769d8fd7fbea2fca38,1275331,1kg0rT4ZSXC0IgFt49JntlRAlbZDyKxxs,exact-md5-duplicate
1xbTsczQCOt4X1N-gOQWocO9F1Iu-kUNg,492_1787420119799_504.png,596b36505f3e19751c96771a893bdc7c,1275265,1C9UbZGbDejkQWO_TX65vJOqvSxLCru49,exact-md5-duplicate
1tIHnL-dVRbMWLIfCkmbnuSbwW7wfxv8p,3478_1787518724625_3546.jpg,517d9dd577f6eb066e486ca88989cbfb,1271529,1LwIzxNxjrskyt9bqK_wPpwwr9pcqBZEP,exact-md5-duplicate
1VAZ9e_PI098J_yAcJ55Ro1QJMf5JvcYj,4945_1787522508635_5072.jpg,87f4305990989f76a6987e79472028d9,1269848,1D2f6t8l3lW2Jm6e7xRt0RvGIyw8K5qjB,exact-md5-duplicate
1Gefr1DI6RJjb5f59jJ-5ODzr2eBuW5v5,1081_1787513128694_1098.jpg,a892af844e9f22b29f33ee8bc07429eb,1266047,1cb9wkfBYWGaqw_Ah9r02xi8yLn3eOwD2,exact-md5-duplicate
1LiCnR7Uj0zXQP4E5DF_MZLoUlupO21C6,black_cushion_decor_0015.jpg,1d77c45d72e453232470d9a2032d0d49,1262802,164Dmb7N6ofsQOM92FLsecF94JD2Ccbpr,exact-md5-duplicate
1RGG4P5Eb0NnYl3F1NDVxw7U8Av_yO-xH,3327_1787518370779_3394.jpg,d5462aef620aa75796bfe7cb7a3fea38,1259667,1lcr9kOu51hsIcCxp1-LRTlQ8IU-sKb2f,exact-md5-duplicate
1T0SWGNdYChY-b5XYomFR9UeCoY2C5L74,1442_1787513991616_1464.jpg,0f2aa74ca77396c86a70aa27de36ca0b,628545,16kuS3kNlUYyyve906Tsz6uk4MHHBwq58,exact-md5-duplicate
1pD-GTxLM4klmPw6PNyuearU_9Lht30gK,5076_1787522915652_5218.jpg,0f2aa74ca77396c86a70aa27de36ca0b,628545,16kuS3kNlUYyyve906Tsz6uk4MHHBwq58,exact-md5-duplicate
1jp06OFG6FZUxL6pcXoBCmchSaQjKSC8z,slate_cushion_decor_0002.jpg,074b37e9a473b7491cb435016e4a3f81,1247078,1YoHc5TD-qmVclkF9h68JaAMg2aZR0Egp,exact-md5-duplicate
1vEuDvgfRjJFVxF19piBR04uj7NxnJLJ1,grey_curtain_decor_0005.jpg,ea6cb32f5be6a0e2e617466d9cb32d93,1245925,19siEhXSjoVpq8KDuDydLOmmLwH2WZO_k,exact-md5-duplicate
1yIOm03w9nVhmL_BcQG97_rMUBdX3hXSu,2320_1787453707445_2398.jpg,d9c4f1a4781750242ffd13f7278b26a0,1239992,1fWNy9Ti7OoWepYlBVXO3cQMHtE_ggibl,exact-md5-duplicate
1ZDNcJ9srVznvo5DZI1_RLgjJeSMVrOVg,teal_rug_decor_0108.jpg,83a2cc90a5ac4e4124253a4b52461b5d,1233354,15SPOUEKuopTwdBCExUBjEVdd0KM4AKCB,exact-md5-duplicate
1jpz9SFidGBwtkTm0VEWMwKoMezEnHuVH,marine_rug_decor_0060.jpg,384dbfe270b851282aa7a442ecb1568e,1231150,1PMa8uWcvy05U9PUrfe9J-F3iM8jFcJ84,exact-md5-duplicate
1SHBzuovt5vPjqpvFu77Cxku9qsoj6F_3,decorative_rug_decor_0075.jpg,72d43f22328ecece60f96086f8259a22,1228629,1NhCuzuigZgF_tcDbVgAnvoU981t85X7V,exact-md5-duplicate
1qzgcHnNsRcTwuCiiZcGQhu3E0AeiM6NM,grey_rug_decor_0028.jpg,ac5b3cb31e8a3b57e58c07094b58b59a,1226796,1H0SZeuEhWfRK-KV1dlSKpYLYY-Rvym7f,exact-md5-duplicate
1M9R00Rvs1-74-Z0sxkKufWy3KZ2RN7x7,beige_rug_decor_0020.jpg,57ab31cb69c9c2cf05b3b4e84734c8e1,1225757,1K01bjbkwnZpnXUajk-oGnv6ns5kQ0r2N,exact-md5-duplicate
1aZW3glalkSQajB_JM2NXqdGi5OzuTmRB,1101_1787421519984_1143.jpg,7daf218c7988e0a4c388b3ef6e4b3032,1219670,1BUWjPqtyJmTK-DDgo_r9_89IMJH5Iiaj,exact-md5-duplicate
1oZAA0TNC3tbpvvI98oRN0L5JEW0TMH4j,navy_rug_decor_0033.jpg,81cea8aececd5d6e6a63adc40ca9075d,1214857,1Mcv7noYyFDyOAKArx69qjtwwZy6z3ntt,exact-md5-duplicate
1bHmprINzjkbuZYZW-F2bAMXXUYbq6ueB,white_rug_decor_0029.jpg,26ad9c703335843c1f561f6fc314bd10,1210885,1QFPywE7Jd_h9UB5vHQkIBGdvgDc6K_OB,exact-md5-duplicate
1eUPLqaJ6HYGVzReC1GNJbiE4eN8YDzBf,silver_rug_decor_0059.jpg,5975c3eb003ac323314bc33304941dc8,1209222,1FfICUTtrhD3g7XLLg0t9ShY11FTR1Z3E,exact-md5-duplicate
1Uw6OUHolr3ipKy3yuZqCxurxtQZVTafK,pink_rug_decor_0026.jpg,fdb5d4e3e321a71e20a22a97a062e547,1208885,1H15FVACtYYz6Ft3-k5TCKA3jnoXUzfN7,exact-md5-duplicate
1YskhvnTKnQAi-OS3MkfB0omAi5pyi3fo,IMG_2343.JPG,8a08b3bbab40783fc96a4b0bdf7ade83,1207009,1KdQpvMviiSlfJPTBl-awzj8dm2DGEMiN,exact-md5-duplicate
1eI1qQLJHmBysySKPHV857IeneTX-Oo1U,IMG_4293.HEIC,cc59096b17001e609738eae53843fcf3,1205036,1LTwWgsQSgEDbxhoO_6NrMOyTTxKQfT9S,exact-md5-duplicate
1czZIhnJc6vP7mkM7GehZzsOSszad8ug8,1598_1787189108741_1120.jpg,06159d31a097e146e21f2a56bf44323c,1204312,1GaLX0gTiZqOSy9bvUxiu2C6rH3LgD9Yt,exact-md5-duplicate
1xa63D6u-ARP68dXiVMv8G0IeQKW6A3RS,5865_1787524946689_6055.jpg,879dd219de3c843153dae6fec63b7c9c,1200963,1I3T4THujzuciTRwW2koaC4NSeU_A9zlS,exact-md5-duplicate
1jo278jV4r0vdQ0TESdONnT8JNF0Rs92U,decorative_curtain_decor_0033.jpg,43ff010ca3f725c9ceddf7cd443d701b,1197052,1PE1-Iq240u4YSbkS40T0hqbqLbjaKbAp,exact-md5-duplicate
1o1rdkzWO_YW1qv5IKRL6Bm37Hod7tFjQ,multi_rug_decor_0030.jpg,0088c4de9776d823657054bc599b1634,1195806,1nzWuzEEgCMJbh6K9C58HXvYS52jRsb0W,exact-md5-duplicate
1KfMGTmOleacQvefedPrAAETNnLQDykrF,stone_rug_decor_0048.jpg,f4cee8194e0fd1c2e0252ba0855c9145,1194294,1K2JZn9ybOPhFHka_wxrH9hs5ULS9Zyx2,exact-md5-duplicate
1CjvVsfwG8E0JkskTh2M6t67fH4brcFxd,metal_planter_decor_0042.jpg,97327ff2717dd3bb1a9db21b572251db,1192948,15nMh9iwryWPL8Cb4nNjjaPBAKTzNBEMj,exact-md5-duplicate
1xETO9ySP201QMhVd0e3IR6JYTYwkGm4R,2845_1787454927307_2969.jpg,0142248c0fcbcd11e65eeccdbe5f50ff,1191418,1-t5yZd5JRt1xG3UyDKBYxFxfcoqg7il5,exact-md5-duplicate
1yqXdZ0we1Tw2U9RmWairzeL2sliKYE8A,1250_1787451109638_1277.jpg,5ea78fe21eddeff1032e369f215670b4,1182511,1yf0a0NnRQ1HiMQhqQFfluvQBD-cYntnt,exact-md5-duplicate
1BjDN-tQzn21DFiFn1_vDv0QdFqodl5C5,dark_cushion_decor_0017.jpg,52bc56cd6bf191304b2b5ba806b73cea,1174195,10Lr-CHE1F3h6hwZiytMuH0wHfH-jcPwO,exact-md5-duplicate
1WWVJU3e5e20eQgUWImzXpRs3rIkBb3OV,green_rug_decor_0031.jpg,fb0249b6b21e0791c6a5428e6ad0c91a,1170361,16Wt2ivmkY2gEvagleFAyw6sLptbEz2YZ,exact-md5-duplicate
1SnKiigIArlBBQXySJZyUJbwnm91M4yFE,decorative_curtain_decor_0045.jpg,3407d59ad2e87a7abc21b0a5ef5f8956,1168184,1BTHTIW_g8v637PR2PPHeNrvsWWaUwMg-,exact-md5-duplicate
1LipR0iGT6ReI5HlrS-0JaHdKnVonBQes,2960_1787517464624_3006.jpg,4461b4e9881c409c0f716b6c69eab840,1165081,145tRBb9syfEY-Z7lEC1XXrhTqThmDJAd,exact-md5-duplicate
1TdTYapBr3OK9L3UgmAeUcRL7vN51yuzq,2185_1787453368345_2252.jpg,4440f8c5882614b275781747eefa84ef,1164698,16kvh1SF11eWB2G40zQCKosfl1STZnTSf,exact-md5-duplicate
1K9YdSX6CCzLUXDBQK8UDXtSTQ0-DNyxv,342_1787187024690_250.jpg,1a914b8f3aa7618f4140152c610bedd6,1164326,14aaBp0sguxMWKuom31JoLcPuQ_2MAqWG,exact-md5-duplicate
1gc4vR5vv42erlqiyDiO6mavQsMieyu4n,IMG_4573.HEIC,2fb02a8110f8678e7c979980639a94f6,1162969,1fR9CXn5Prs5n4VCSYvXTVBGK4kLxaUlX,exact-md5-duplicate
1VUHXo19bQ194YzWDA7CjKYQx_eOEJUh_,grey_rug_decor_0027.jpg,4c9ebcdcdb6549e70d874208ad2a0726,1157845,1VDFMRb4FMczL6jJvkNIg_jlgORatqR2D,exact-md5-duplicate
1xGYPEdVs5xNqWn4drxSfZl5cBeoE48TG,IMG_6270.HEIC,1290a9e5c033c03b43937db85b059799,1147714,10Mg4sfcEdjPuyewJ3ND-BIzB7_Gp2jeH,exact-md5-duplicate
1wBdUh08Eu2c-_dIxa9wChtrG223b1YZR,816_1787512543685_827.jpg,a61e92a08d70cc26d9600fb4d79c292f,1144218,1_m9EBtvi4-K8u3jLLxE1VBRBaBXTEdrF,exact-md5-duplicate
1DI5KNs7EJ1gH9iulVC4K8LnlxjF1atMe,408_1787449126276_416.jpg,d1d436c1819d210a7a8e930695d9b791,1143382,1Sxs-qqfHGf6GVEiYr6lUb193ISZ2b9JO,exact-md5-duplicate
1ZmN5wZf0gC04xOlRT3GSZUiprlOsS7TP,wool_rug_decor_0011.jpg,7189abd2e61695889bd672ed91dbc4fa,1135162,1-zq0kUAyJm4oFCnO3ag9joVgUzK-4MlT,exact-md5-duplicate
1kTWc2zx7ZF82wZHPNawMt6sXF9q8aaN5,1669_1787514547665_1697.jpg,bddf0f9360506ce39b459475bafd83cb,1131277,1USJU6pieY-QqeffifxzzqnWql2eK4kVZ,exact-md5-duplicate
1vg0vuYrBGOodrjUYPCMJYdMQxaD4Z4Zr,3153_1787517930692_3209.jpg,3c66e76058e7b91a185511c0b2f18a07,1122901,1BnnI2-COKunFaTGUcheaNhgIPXyKXbFv,exact-md5-duplicate
1xu5d1bMe-t0ShVLPTR3dAYilIduyXSJm,green_rug_decor_0055.jpg,8122ede1229a4837d16dbd47fee49f53,1121146,1jJVMVija8NYmKfpDKRqAOC8I25Rd_SIh,exact-md5-duplicate
1R4CZkMaeZz3fmFWdLNacdQfZQnz-zn0U,natural_rug_decor_0014.jpg,ca1ba31c851f3a4d0f64c8f32c035755,1118499,1J0xQT2-1iVZ_J14BWfqEZe-Ok7vb8Ied,exact-md5-duplicate
1ufizM7WLbFMA8_hwMJ6A77CANvXhhOoa,toast_rug_decor_0095.jpg,9e9cce2e954c0c260ecf163966ad118b,1114770,18WK9z3B9lJlzFsZsWT0azhr4sXXii02w,exact-md5-duplicate
1wOsIIy0MegfkXotJq7QGcCtZdDtzICmm,1905_1787515108741_1938.jpg,e5209731886cbd15f2cb3ea0c4a02e93,1108007,1vmGkniKyP_NZ-_BHO6p2XY1B6Up2Z6QO,exact-md5-duplicate
1l1we9o2KdT3G6d9G4KYIrbj_ltEPfUdU,passion_rug_decor_0090.jpg,2f6bc7cde41340169b7f3926b90d5795,1107820,12mBV6Lq_IDxgrb303PEQCkKTEIRrkxIW,exact-md5-duplicate
1RhVv1xN_8AtuuPZZtbsqsx76xYnaALG1,809_1787450094243_825.jpg,3a2f594dffbea537a471e428f532b34a,1102017,1a60WS7X-YdvAtfaROkDGC5Dt7xbGNXEb,exact-md5-duplicate
1y4B4Aue4RbiXnrUhZDLCAtqezk7qktwt,linen_rug_decor_0005.jpg,a368b3affcfe1de32293e481ad931197,1100243,1StVn-3t8nq3awPE1n0GPEoe2Q-g474bH,exact-md5-duplicate
1LNgt2is7vOj5x4pE9FubOFqWQynSBTk2,taupe_rug_decor_0071.jpg,657d75f4e9a1353addca272529896f66,1100043,1ADHdTnnYesd-iAqD5HlWXtzunm7lLBHl,exact-md5-duplicate
1NjaadXUbK9D0tl9kKeHJ8vxv4JXPdmaw,1545_1787451818418_1584.jpg,33d59909ec357d433515717f5dbbc083,1098520,1Edpr7Q6n9l6G4_fTQnz-EVTpnFvjJ7lS,exact-md5-duplicate
1rxWZDNYBGf9Sd0NmRl8FiG17OMAzsR4R,decorative_rug_decor_0019.jpg,1defb53df6f62b639efcb17ee81398f0,1093809,16-kwpboKwOw-EgVsgkQfmsmr_UfG3bd0,exact-md5-duplicate
1klrlQH3tpwz9iWRrOtEaak-WILJQXoyF,teal_rug_decor_0092.jpg,ea81e0e12635eed01e4b56bea0b1f8f8,1093535,1ZqvOLqdFCm72GHbB0cnuD39uJZh1mQuK,exact-md5-duplicate
1wtQYsgrgfBgEDyscgSldjPSCJbGTudZX,gold_rug_decor_0044.jpg,ae70fcb126d4fa86e000ffa925bdc09d,1091198,1499hiLyXpo0JJ7tglmjWWE70CDlC-nMA,exact-md5-duplicate
1aWnDpfIZYDSD96ZsTJ0pb0I0QvXH4Toj,IMG_2406 (1).JPG,30b26bee6ea5d0591c0cfd98692710a0,1083431,1JERVy5GbVWJNICltUeaacmkl8yTCnOww,exact-md5-duplicate
1a5KlXGUaxQ9Kgrpz2nqnzSZ7eEYz7Hg0,steel_rug_decor_0024.jpg,eed307a3e110898ae44e151e893bde73,1080609,1LljQvscZS1TDrJTSvmEpLr6s0sBOdZFw,exact-md5-duplicate
1gXGtEJcsz3DHvGpOeJNRhFGmtY34mBDy,156_1787164094938_58.jpg,16894b30fff165b3bde5bc1d2c99798a,1079279,1CY1QLrZ4NuLvHk4xjg0EY6-GjpYj3Zh0,exact-md5-duplicate
1LbRxZn6cg8NDRGgYs3TNNAgOHZMgoAHW,IMG_0614.HEIC,fa69c57111aa71ac8db412a14ac6b333,1076931,18rQF_dYYdk6IJkCvngRQhY6KoSskK-KO,exact-md5-duplicate
1ZANcNn0EodISKDMi5Xwv50_ATNG2Q0aI,stone_rug_decor_0057.jpg,3a4304892b97a7570567c49f944d3dae,1072831,1PcOzD4-3jYRBMx0hvCBBxu0IQl-JBeeS,exact-md5-duplicate
1zZxhQvo-qyVchWaw-1pYXGuYDVwMcYAE,seafoam_rug_decor_0018.jpg,4430941fac32f3df7310dc8a03834ea9,1067702,1N8pYQ2h8Tx3lurAgjg6JEOZv5-p6sFcO,exact-md5-duplicate
1bY6TZAfsT88VOvtnJwfEicgBvd18G-GJ,1250_1787188428752_839.jpg,654e36164c1489b9dddcfa82d1e53bfb,1066787,11NCwN9DjrLhrMLs7LO-xsOKOKt2KlbPF,exact-md5-duplicate
1eZ8pAFj6RYKwwm7ZFPJDcbiNJFR1bzG-,navy_rug_decor_0043.jpg,f42d964b3be3f1244e9b238a5fa692f6,1063621,1FmAala9R7tKaPNt9CqGC6pAXEkka9imh,exact-md5-duplicate
13Y8tO_xQtPt2jxtqltnpzLPOCJkeJAAJ,4705_1787521886617_4817.jpg,154558a8dbba61b6654ce0e283729e87,1062026,16WSpK8FRXpe49LIlVCUcwF4y6yNoNw3N,exact-md5-duplicate
1of9k4Liyr9Xw_f7boCtvTP8RPwKCic-Z,4858_1787522296580_4983.jpg,6557c336949be32ee06f2345a0884187,1055831,1W5I-M5zhI3XUjgnmihA5-CN752XkWDGl,exact-md5-duplicate
1jicqCydFt2zMHzE0QOS9oSGXqzrDHpiY,blue_rug_decor_0040.jpg,1fe3d469d3d3d4114425136bfb02e250,1053480,1AaCXPiceruRZWoot2lrPFNn0TJ8ktKuB,exact-md5-duplicate
1H0ZlkGlSVDZe9PG1TgEeJ3KhT6hD1liP,1141_1787513259621_1158.jpg,7f3c111c5c8850c61d5cd84330804f06,526591,11v6NQ6fh9PY4Aqrjf1fE-py1001YlN9-,exact-md5-duplicate
1ToP5Xko-V8950P9I4ivo8dRS9qOL56nD,1972_1787515284745_2007.jpg,7f3c111c5c8850c61d5cd84330804f06,526591,11v6NQ6fh9PY4Aqrjf1fE-py1001YlN9-,exact-md5-duplicate
1bacoMoK9DyJUCGUqCZz2HjPFbaVV1hqw,aquamarine_rug_decor_0074.jpg,983df424905fe4904f5deb86e68cab7f,1044700,1KSh1hj-IZ0VoW0H_dJK7iYwdJBVJ5is4,exact-md5-duplicate
1_70_4WUnwhOMUbZg2_AQZip0tretVNa8,4195_1787520567763_4296.jpg,faa36d995fa1d71fafbcf98baf8ea53a,1040033,1SyqkNKq6kKWfVVphEoAqiQvVuw5jt5Hn,exact-md5-duplicate
1w7xKV_RDGJqNeQe7b61ykppH9au1OSJe,denim_rug_decor_0037.jpg,9fa4976b7a4e6023ca7d6dabbff108ee,1037717,1MA-ESVsSVVRvrhNdCy1-hMrpyd-TNgke,exact-md5-duplicate
1f0yTuibjYkMQLA8hRcdMaCfYrQ1mqISJ,grey_rug_decor_0109.jpg,fa9c91aa13f9c7a2356f48d1fa75ca6f,1037519,1TSnNi_4Ck-6zaYxCQ7tgb8l-shwaLkzm,exact-md5-duplicate
1qO7qedjVKOGkK9MEckStobOjqsOR6hZ9,IMG_0617(1).HEIC,4e12fa3aec9c330b00fb8e70a1da7a53,1034817,1A-XsbF-NivmVFj9hkgwL5PluNVgfO2TE,exact-md5-duplicate
1omTvz5suPcPULXva1OXQ_U8fM7zh3O0K,beige_rug_decor_0127.jpg,d3844e7d719da6a4eb5c67f075aa45b3,1034710,1dS7Aa6i_oaLYGdJS3XqnWcF_8_BljpmO,exact-md5-duplicate
1Du23TQcVxSYuMPjl8TqEcgBaOos_svaY,wool_rug_decor_0023.jpg,fd5cd48d667a5d2dc58e7c6cf03a8fed,1034679,1D7ei0_YI8ask26XLpjXWSgTWBYNsuBk2,exact-md5-duplicate
1h0ETZXVqvfqioC6N1ANrvthm9SW9wiOR,blue_rug_decor_0063.jpg,96e83bf43b7786b2727cd692a19f324a,1034639,1bbSMMKX_X2jqMJiRCEp_sijWP9Gjt7e2,exact-md5-duplicate
1QkG3G9MoyWpOK0DUpr5reM5Eo9_Wa5ZQ,stone_rug_decor_0062.jpg,6660a8061cb4852114b4fa6a4cb987c2,1032145,1JcjFcziynQw50yO_f8QB00W_1zRMEuGK,exact-md5-duplicate
1_FXV2UxqVIiRqyca2zoM6aX0HsfrOgdX,IMG_0619(1).HEIC,8900446d722263e8720e5d42d04a23dc,1031407,1W0XI-Hy7wp09L70dEEdtgYbRvVXAteAS,exact-md5-duplicate
1QfmZWhZ9iw2Hxd82611L7XyTrZfKAjDu,navy_rug_decor_0183.jpg,99c53f4c56f91e7aef0bcf1051259271,1028842,1-JKyBabsuSmx9TZrlJq8KQ3ClqiiXasb,exact-md5-duplicate
1qwvg8XbgVLwl6ii_iBbnQiOu0eaItx2i,ivory_rug_decor_0117.jpg,8db3beee537feb871a97b5d70730c258,1028790,1fBQMlyuDsr1dEYNFqKhNtZONywprCoTS,exact-md5-duplicate
1Y8hetJNHZXiJxxCs8HmRf_PjoTPl_fgc,passion_rug_decor_0153.jpg,26aa21a821cb115adc34e695ab993556,1027829,1GmZoR1qKxyu-c_OM8m6oKyvie6hleM5S,exact-md5-duplicate
1cIrLWoLb79eey-QgOnqs7SEf37FIEoFB,1046_1787196738749_805.jpg,bb420077fd97bc7f7a9b8bbb7bfc98c3,1025265,120_AaM2OovUqSaVOfRXVzyqhh_cUSwAa,exact-md5-duplicate
1Uuknt9fe6_eJie7LHiFc3VAfnqIw2qb3,champagne_rug_decor_0015.jpg,a980b29140b9cf6bc085962b74ee0c08,1023594,1POFjhy-_vqC7CuCM-2MApnsHjRdUmvMM,exact-md5-duplicate
1T-emLcs3aatbZE4SJu2Lylx9C4DSau4H,sterling_cushion_decor_0067.jpg,334cfc9e87eebc7a33e9cf067e45dce4,1019571,14w8hgDghathwUmZrkZWgmU6cO4POb3Ru,exact-md5-duplicate
1yROuUqD9HzSFJ2VJaZ36xXp9lX9ChZWk,brick_rug_decor_0010.jpg,0a3287c6dff96113dec1d9615e277c40,1010703,1pJbtzz5ck1ACNgDALUOaLi7tSu_NWNAd,exact-md5-duplicate
1P59U3t2E5eSjnrrjJVRGu4jDiyapWwJO,cognac_cushion_decor_0086.jpg,7b57a458b1796bf3a44999cb4b2c2fb5,1009416,1A0Wr-S1KB3xMCBBKVkqqeBiDRDh_4J6B,exact-md5-duplicate
1OObd-UWtehXNx0anb4I4UT3n_OxYEwGP,red_cushion_decor_0014.jpg,a0c9c989153cf19df717f16c95b8fc4e,1009009,14n7EomHuWgaZHRIQ6OT26_sHL4Eyu-uc,exact-md5-duplicate
1qvjH34pAcfS1ZF7MVi-erqylAvYQKO4i,coffee_rug_decor_0191.jpg,bcff3bbaf77ccd2eb236bdd9934ccb17,1007766,1asxVIqvgR3VG-3l7etwEdZmxKjK06zYd,exact-md5-duplicate
1raTkTSaYEWKbCDFITr3V7VtcBWs7QYug,524_1787511904671_531.jpg,f9707682256b668ca2692ee2fb4d7122,1007691,1p_-Zwb7Rqwb36oBN_WOYJ3SwYDaladWM,exact-md5-duplicate
1z4f2a9zeusVon1XJEPpO8H9sy5Csr_yN,stone_rug_decor_0096.jpg,19218aaac9e27b6859d3ad2db4dbbe02,1005368,1qQvgbR4seSK3555LBDymcepMxj4amQN0,exact-md5-duplicate
1L1xStOCvmIsZsc9ssTr1pm4ti2nkHXyt,wool_rug_decor_0197.jpg,e6056ad4ab2cd542f307bcad33ac2e6b,1003385,1HELGSD3K1Wk8QS44VDqN0E3O3pGC9Cxv,exact-md5-duplicate
1WgF9uZ4GEgMEYXqKkIJKIjEe9If-Hepr,decorative_cushion_decor_0040.jpg,8ed4b2c7bdcf84c1ee6e5e8a78b43efc,1002157,1ArjcP02kHvPQcGry9d04oN7OBrIvHdGI,exact-md5-duplicate
1QsHiGpsA7yfvvQCVT2lQW4HJ21gqjOzn,257_1787195354618_203.jpg,6191679a18eef3849a1d42baed372f5d,1000423,1Jb4F965QruHwm_fzsnItjRPC0HaUPi0f,exact-md5-duplicate
1BQLy4TAxz7THup0QS2uL28dSR_EYIAa0,fuschia_cushion_decor_0058.jpg,200afd3af348e9efa49a7d28988eaef7,999575,1AHxAgHhYHOxqYivFBJOhvQYVB4l1s-24,exact-md5-duplicate
1H8Qi7vYCDQLr7EMHL62p68dizYKWRjSb,1219_1787513435785_1237.png,95eb6bfbb860a8e3537173794fad71a0,999487,17ULB7MjxTQa9M9-EVkWoZjoyMEnVVd98,exact-md5-duplicate
1vkZigKwXWA_nIknu9Ez_EX8l57AY6F8U,silver_rug_decor_0002.jpg,d12775460819de32e7b4102c7931ec9c,999100,1oB9wl_2oohVa-KmPxIKKcvOOHUtj2_0j,exact-md5-duplicate
1tqX74rRp2n0VfJqMzJhjoyw3xBhRCPuU,light_cushion_decor_0003.jpg,6739186dbf88ef8e0a0189645fd27000,995462,1Gtmgo7yqt8LqPY-GzovqwwdzEn-Az_tJ,exact-md5-duplicate
1yVpV0hmHtwwxLHthO8f5jmaDNproeYfw,decorative_throw_blanket_decor_0002.jpg,7fef5851985344c94c9652021b7b85f9,994254,1tF-xvq3R00lpfyWI_ioeM5JxCj1R9EK7,exact-md5-duplicate
1xuKA5ceZ3XX29BmSJOfuzrRkZ6FRigge,multicolored_rug_decor_0110.jpg,9279ef8e6ae301ff5ccf23bb6a79ce2a,993170,1bXEnDxKhrIloby9CtU29ahqU4mP8lGKN,exact-md5-duplicate
1TZOHhRrEVD8_1EpWIB-eFfiA6GmA_umg,ivory_rug_decor_0134.jpg,30ee7dc8c60bcf56d23fa8e45586bc97,992242,1RdaM6h7lMdMjHHJGJV9MBgjJeUowjFZ7,exact-md5-duplicate
1rxISivEKJDILylWPM8mawtu-iWYwk6lf,IMG_0615(1).HEIC,0d429ef58db958692c4e739a06ed661e,990571,18j7v3ajh36tXL3VtpajqgxQYBP8EGBWa,exact-md5-duplicate
1KtBAhVYPTM-XGnUzkLc7QgZxWmAN3Wx0,multi_rug_decor_0199.jpg,cd0fd7d2a17b87919f9e1379c5e34ce0,989294,1Ik7ociVKIEscsksbOIDN-KlrRmoYjob3,exact-md5-duplicate
15ihxmwRwqdQOpPtgXmVd9Svf61uZcRHN,5118_1787523011581_5260.jpg,872050d57522248a00eab42c64f916c8,988074,1pzA_ZkxzNpHysl8_ia3ms6Lr3RuFb9nO,exact-md5-duplicate
1sD6OyzfAVlXyakDfe4N-V11XdD69zimy,tan_cushion_decor_0024.jpg,93dc3dc52ee1329c00f2702b0e3a795f,984523,1Nypl6YkK-G3Kg9FL4-xspIfIrAAIFJAB,exact-md5-duplicate
1vDd28LoNPhPK6SJCa9fESHyxOIDHjurE,blue_rug_decor_0106.jpg,137be0e0474fdd818a63ade2ba46d7b5,984223,17-ZM8bIiRYizg1tYor7bBBrIkgY_FTsR,exact-md5-duplicate
16kT_JjTS4H6JRKUoXMbsJT8IzgJHYbiQ,taupe_rug_decor_0184.jpg,156b6a60fd94ae60ff611eb27caf99b8,980584,13mt0N-PexXy5j6qmq84aY8qXGLyjijSH,exact-md5-duplicate
1WRpMSkYXnyNm_ITeKbF69PABqenUas6-,5113_1787523001565_5255.jpg,1295611ad5d9403df02410c6c2bbf5cb,975439,1HLAFDiVGqXi8joX5B3IhZIK9qriK_mCt,exact-md5-duplicate
1lGk9hg7Xlv8vjJp9daET1SAxWoV2UuJC,blue_rug_decor_0141.jpg,ce4466671c46d8c04514a8c7a28f8da1,974393,1LfrG6aD5PKd52ctX4DwR8DLemjyktN8F,exact-md5-duplicate
1AcIZww-a_IQRPluNi4szChRT3c6wx7i5,WhatsApp Image 2026-06-13 at 5.27.46 PM.jpeg,9e0cd4b600324baec0b455d093c20096,973408,18_RL2CIYPotG0Ix_SvQDJb5EWY3JLSiG,exact-md5-duplicate
1qiUxSh4BMRJiTwSMHBWJJ8MqkSf983iZ,charcoal_rug_decor_0084.jpg,0e683593f519174fd85bc0791f3c6aeb,973364,1Ou3hoI4jdgtNn4HoJnckq2Hbw9exRnE4,exact-md5-duplicate
1m1F5CuCVMYCm_kn0ftg53_YncVlaTZyM,cream_rug_decor_0168.jpg,3b1664aee4f7eb207332230e182e7aa7,967731,16cBukmzRLQ0iZRJ7ei5HTqEsEMGEjG8-,exact-md5-duplicate
1qK_xZzztDvuZCtLNHn555UK45iivdnKD,decorative_cushion_decor_0001.jpg,5c1aab9e4d17d21ba95a762d5f2a38c4,967620,1RpICGruZqifQCW6jviToPF1oFT7zbBiP,exact-md5-duplicate
1vi8AZRRC8F6wYqzj1NxchOPRCowudyXH,stone_rug_decor_0194.jpg,90042562cd0a1ebd1010e0cf38600434,964402,1ToIHkPbUJnUgmuoMahrJ68NAGLvnFQJ7,exact-md5-duplicate
1jWS8kes50smCHVwArqFrd0yvGfnc5P9o,terracotta_cushion_decor_0030.jpg,8d8b04d6d80cca99664a3742f07f477e,962568,10em0V3tJutVbrhqY0NzIfKnN1WVEae1k,exact-md5-duplicate
1h9zM_SnD_Kc_IyvSehgO0lORXNcqFYVI,wool_rug_decor_0069.jpg,8089b9eaed7046441d12185a20c8c797,959711,19XwDqM5BAqF8ordSrjnlADZ4hXewfHnB,exact-md5-duplicate
1xs-1Kf6y-uXlmhnsRVw3cl2x8F6OzylT,IMG_0616(1).HEIC,56eb5769202ff401ae6350ff5b67e0ae,959652,1gEYtKKSSofAz3xAlTFGPoc3R10APlcmD,exact-md5-duplicate
1M-MD8RCy3KIyRm6VQ65Rnq7We47Wr-cx,wool_rug_decor_0097.jpg,600f01b81cd5720fb5173b5952da9c5b,957089,1H4RFvdRn62f8WAsVntCA5UpNpttfFX8h,exact-md5-duplicate
1HYXc3BybPLbVJmLu-w8RPyFT35TlyxAh,dark_planter_decor_0046.jpg,12c519fa2ccf0b99ecaf6bf139fb874f,956154,1Bx7-yrIGMyS6mBK4sD0gZeCvngbL3fqr,exact-md5-duplicate
1t14csUz_dpNvtgKrk3REPHqwAQxJHpCP,1084_1787411422696_1143.jpg,5fa4f90d723fd1459959b83bcd7361b7,954775,1JZYr56WMJDMMY__wy0vVXsjtRKDbYPux,exact-md5-duplicate
1HCFBZfBH2upB-uCOrfSCS64t7mLmTVVp,glass_mirror_decor_0136.jpg,f0637aea12cb74891708a988b171fe7e,476321,10bRurPVwrtAzPB-VKwsgRDpvvcyxpMDz,exact-md5-duplicate
1ZieMoKT9ZSIbbUXR7zozvZ_Qi_pkFwQe,glass_mirror_decor_0136.jpg,f0637aea12cb74891708a988b171fe7e,476321,10bRurPVwrtAzPB-VKwsgRDpvvcyxpMDz,exact-md5-duplicate
1E-EcRMs6lAMVhxBP79A_ldBTVyTHw_Ku,gray_vase_decor_0007.jpg,a18561dc47a63009a130e5287f4134fd,949953,1DIr05Riihmkll2mQiUyvR-8EwkiwnWAz,exact-md5-duplicate
1Q5XWnIWJDqxHfKH2993aMGw_L-rBm-aq,stone_rug_decor_0107.jpg,bdae71f3e5c8b1d5e36c71c123914aea,946731,1IOyvXO-4b-PeQVziF6zWrldsKFeYm28R,exact-md5-duplicate
1yXR1PRffTzkN8HiZS1YttRE0WmCoigQK,silver_vase_decor_0018.jpg,e941b957796127c4cf84b16ee6e44f7e,946209,1if_WU2usLjGwQWcs1cxvvm6pJAemXCac,exact-md5-duplicate
1R0qVY5fP6WOsRvI9nvnxFDRD2vap7N9_,grey_rug_decor_0147.jpg,b7df2edb4a5355afc9e8f68cb0e0dec8,945405,1BTOTIVMp0r7YanGz-VNJrfNf8B9s_Iui,exact-md5-duplicate
1sAFEahLDNQr5aw8dpff63RZwHQTmCX32,beige_rug_decor_0126.jpg,3c07db563914d5d4951e4da86ae2fe52,944480,1ESqgMs-lwsKIS_Mc1XJOJEcOJQy_bWjF,exact-md5-duplicate
1TRQpmMsIyJdb87yIh42e1prj9E2TfjuS,charcoal_cushion_decor_0057.jpg,75cfbd8cc9360d75231a28bb93ecc2a4,943137,1IVafwJ_9xIcP84GU88QLdpBO-9oxXeC1,exact-md5-duplicate
1JxOBZbxrnoqHrLlSKJNwbWXpRewLTK1J,cream_cushion_decor_0047.jpg,f4e65f2517f89dd404d865e88a6fefa0,941608,1H182fTmpzKRBzSAKICj7DNJTnofqDCTV,exact-md5-duplicate
1gYEw2mMx1Ge4l6XLwjS1ACCPVTfxCarn,nylon_rug_decor_0049.jpg,b57b6164485ca27598d156564d243e87,940496,1-bYkuyJWpbFCiXMiT-bRGlniI29AOaoF,exact-md5-duplicate
1xXHWGy-QYBdgs1tBf5pmYYRCjdDstAXv,IMG_4575.HEIC,c2cbc17adb4b7fcf4bb33c215a5d0cde,939412,19LujGILu2kA0UYm1i09gcuAbQTOuk5oU,exact-md5-duplicate
1U0Gh45BijS-NMKKVl0zJAl3wurOYjY7n,3175_1787455703039_3327.jpg,1d4c2a4cb83c839fa774d2a94308d3a3,931942,1HcVsjI7lOez1Kc7uMWe6P8UopJQJXxMH,exact-md5-duplicate
1f1i14is66QZxcuuijaHdTxpDrbtbV0SR,665_1787420488680_682.jpg,f03e74d1b2aad58dffd28d40c83c02f2,931567,1cqR7lfXHy5vdmEm9zm0ygOWjpac7EtGl,exact-md5-duplicate
1Ry9ycwqt5ILwWiMgisYtISMbWfQs16Xf,wool_rug_decor_0188.jpg,1ba829dd40f366d3850af629aef0028e,929977,1BBUUwE12GTV1alQX6aIENA7CPqppof-W,exact-md5-duplicate
1hDbgBmNfbvToWkRhY0zOamvOjdGD3IGk,1100_1787196859763_850.jpg,83b6a4b8ce948f9bab3cc12eac20e000,920985,18ESWer-j1vkdeW6-t91ZKmp8H3H_TCtD,exact-md5-duplicate
1oZ5FCRLdNFXg9wzqkNIuDLqWB4xKMckU,IMG_0609(1).HEIC,a3de128a67c3e7f41751b2e75f1cd30e,918341,1Qf6OVaIxcBgBVGj2R-0wOreIeiwB-PtC,exact-md5-duplicate
1bAZX0et1_PgL_d3SU9KboTHyV2iTIW5u,blush_cushion_decor_0090.jpg,a04350d0349f457767cec4d995ca55e7,917377,14KxcMgDmZ034G1C3sWlsekuJVW7-ms30,exact-md5-duplicate
1np48HbiDMxKzLbpVMUi0Grct89ZtqC38,polypropylene_rug_decor_0164.jpg,92496aedbee238c9ea54225d66bb02c9,912510,15PIZLcmtAHKpo_KT1YEguLsxaBsuQflX,exact-md5-duplicate
1XYlg0kbGceJtVYZ0BbjHwSXVISr0kRKk,black_cushion_decor_0063.jpg,487abedeee6335defe2c870a624207a6,911722,10GZIlkvb522tJRKJxbaA-Jn0ZWP0WDbW,exact-md5-duplicate
1vK9TUtde7DqjuKZA4f3s_cBA-1ws3Aqa,WhatsApp Image 2026-06-13 at 5.27.44 PM.jpeg,911227593413d699a0ed287c4f1c7df2,907943,1WJpCdOTne8VjeZ2ssYb-MYqGIvukuf37,exact-md5-duplicate
1XxdeMPxmUzBHJoMY4t3MJhwrNbcwGi7t,silver_rug_decor_0136.jpg,44373dd96bacaae7e3afa32faa2ba17f,906395,1SxnrNxsvYsN1QId7lhssojrzSGaUxWq8,exact-md5-duplicate
1M7svq-O0QHyoVnUzvQ118YDkPm-NQJfv,stone_rug_decor_0082.jpg,14637ca4ea7490c31cd84b1e3a2d8c9d,904060,1DslEvTo8NDx7JpB3AViOFZ_uuFYhbArM,exact-md5-duplicate
1z6S33-DYiXDsljN_LRNc3Q-l_SW4zuEa,silver_rug_decor_0035.jpg,f4b28217ab047f17853535df62faedf7,902755,1b90xY27hztrdDE0terK1LYzMkG_uCqj7,exact-md5-duplicate
1GvLSfgRI56UXDBntM7gFnbpGGacqodIc,stone_rug_decor_0046.jpg,1f994917e03b0d127dfcdf2e81a54d07,898817,11gexRbnQvmk-X0T9BEox5TbfJa--xdXN,exact-md5-duplicate
1zzpCDegYRGoKSZS0bAVAw2UCGUgYmn3d,dusty_rug_decor_0166.jpg,202f15a8efc583c2fb77ac6001be17d7,897903,1vwbqgHS7YefmtaTMFo7Zq9cz8JNagD6n,exact-md5-duplicate
1WWLzVshzN3BkN_xzGMNlfQz5EUPNbI9g,wool_rug_decor_0085.jpg,0e9e168fd3ddabdba68d6b76c31dcb92,895839,1FqqEnOaaqZpGUI95mHBDE5wSgm3kAVxi,exact-md5-duplicate
1r2bKGjO9u-cp3tXJkgvFWTzZFpFpSZJH,1326_1787188599721_905.jpg,5c65a21a5e1be95ff07a56d96f7dec25,894713,1i9yhgzUIo6Tp4lFi4HYUpnjaG19-1yNR,exact-md5-duplicate
1gZJvFalXHhw4iBiUssKCsuB0zGcZOMrW,stone_rug_decor_0081.jpg,7ef04dde14132ae8ef2ba4d9d957a5bc,889836,1OxC9H-40wJaBmtSZNKHcW20bzESscvL6,exact-md5-duplicate
1Ds-FzqxymVVmprISnZmUNdnsTkisz4PP,1469_1787514069674_1492.jpg,27f2c9f591c7b54c7cf88d0faede614d,888442,194Vo3P9c0mM4RprZcw0jopyvrl1IzI5V,exact-md5-duplicate
1vrvwY-MHkTLS4-MTfWe9vh5T57uEmhTS,stone_rug_decor_0099.jpg,e8f9e53431a15b366bbed990c07373bc,886044,14mlA1dh5UPfCzJ1aNH_NUCJnFcElQ2dE,exact-md5-duplicate
1mCU1U_WSK834a3opMfqvQiRji5NoDy49,2280_1787453605324_2352.jpg,ca7dfa8ce5fbeb78ffeb605c16c0a881,885002,18cFm_5o2R5phUAeNV-H619s00CoqqBs8,exact-md5-duplicate
1q8dIoX4V9-xOohFwqXcJPSSqzIPlUID6,1170_1787500669587_1245.jpg,317c8c401d58a4d1b8e177565c63468a,881927,1bzOYXlPzCk-HxB0aQ68gdzAASktDmgtr,exact-md5-duplicate
1bpxPxuxF9RZJPXVq8M7UdCYAA929rPdl,midnight_cushion_decor_0008.jpg,98aa115d4455ee663d2db6a7a112bf18,880823,1RWArYQj8I6I-4Bsia1nKho981bc5O2zt,exact-md5-duplicate
1I-M-U5Nb6bL9inxNVf0z5atK2Bc2wwXF,blue_cushion_decor_0072.jpg,6ca8038d1ae0891bae2038a1b077135c,876192,1GQy_n9ka0vLh_RUn5s0_ypB-H1jN1D5h,exact-md5-duplicate
1z9fqwc6tZK8BoU685xVk8SKOp1VeKob4,decorative_basket_decor_0008.jpg,e36a86f77c260585512def7589c3d7e5,875712,1XDPC5uy_i8Mnf9ATde8b6wg6BU29dbix,exact-md5-duplicate
1YvRv8RdKpd4nTFpZCdaQNXC9RQjvLoOs,nylon_rug_decor_0186.jpg,09d33e6ea78b0528d7cb24a4c0580683,875032,12TZpwkajwdcARIzrX98U0p59CvBtMTEB,exact-md5-duplicate
1EtDjkyi7mvzWnSYQZEvxNJIyEWswYRF-,blue_rug_decor_0065.jpg,128165bcaeeba310262771402e0478a0,874425,14dbhiDZUNpT_qYk3q4XgYAjTcM0MhlGT,exact-md5-duplicate
1eoPzSORFZz3adB_VAyjl8xVBdgkAHwU7,denim_rug_decor_0124.jpg,6b05bca84eaa578b3310eb3015fa6e7e,872222,1QFROtqHIYIlNV3ZDz54OVGONJWveLhHb,exact-md5-duplicate
1z3x-gSRFB5lsMV2w6M8gBo_rbsbNyyTL,yellow_rug_decor_0078.jpg,19cd993f1ffd19b4fa8e67474525fd6d,868855,1KGlRUPRAE_5812qB89Fxp--65KIMhYkF,exact-md5-duplicate
1YqEK-ANF8-xMUOHAn9dtyDsy0mevSci-,aqua_cushion_decor_0074.jpg,bfb631d7246bcf6175938a70b552809f,868432,1F2ltYftSxlsEzyMAbHINXRGWL-jhOSe8,exact-md5-duplicate
1PbUvuT6IzAUwaJ-WtBWCPG5bIQr3cN7X,WhatsApp Image 2026-06-13 at 5.27.49 PM (1).jpeg,a91c61db829235d8460d4e40c1e4f73a,866483,1OwKu9mnT5eVQcWQv3l6EuAvDttOXpZzv,exact-md5-duplicate
1cjxEdETL5OCz4UGETqid1Y6xQ_p4fjIw,thunder_cushion_decor_0023.jpg,0951c43a3dd48747c5a1fd48d055ce34,864679,1W4qM87JZvkGdn67uQm54mBDQfhYkXdHH,exact-md5-duplicate
1m-hOlmB8_4mnuzPFMAL34T9CSVxJ22ZF,657_1787410468718_699.jpg,65725404f1cb238bea26c1d9b7e22dc9,864432,1N-_37jzisNAAn5wGqpddGoZw9Zrd9LEf,exact-md5-duplicate
1Zm88WWu_J0PuhcIWYp-FeZGoSDRWCpN6,light_cushion_decor_0010.jpg,201ca78e8cbfedf89b642ecaef1e7670,862915,1O3R_OB6DnT9ha8VYvhqdRRQyOz_zR4B4,exact-md5-duplicate
1V4qUSD5oRIrtZ5WP22_63Qcut9DwEldn,4185_1787520541579_4286.jpg,9070bf37ad413e82c5ef3d735ad5e0e1,856021,1bkqifJCUGvFazr0XfQEA3AiT-oOLkwx0,exact-md5-duplicate
1KMgjPgMM6Jjivo3TCOi2jr45BJ9RIXh8,decorative_throw_blanket_decor_0009.jpg,033ffe04eb63b34eafc21745e1ac0640,852277,18nZYbOpKR41_zkqZmDI6ZMblSDiOmVR-,exact-md5-duplicate
1nHodebTqBIkNDmMdv_MrAL0nSKT1-kgC,olive_rug_decor_0066.jpg,24698d4a3891c874fb8df9b57f976463,852191,16TYLCkj239QNDK8LwPWMI0VgB4GDhCl4,exact-md5-duplicate
1t7GCN1uOC73N68YZnipd45cE2eZ1-ggr,700_1787425838073_710.jpg,83a6ac695db4997baef88f82008d748c,849138,1d7W7ks3uIEUWeUFbIwo48epLeEl5S_Zt,exact-md5-duplicate
1Js4Fu1AOrr2sZ6R6EYh6q28X2iRQ1Hug,moss_rug_decor_0159.jpg,e1a62f3c633f455f29791510b2c08a39,845984,1EXUNRPeKZ6Y5kGhP-AA6WBMxBR85ynLz,exact-md5-duplicate
1AncRSP5TRTIgFSNanw0T9Y7S-FNq-TnD,5172_1787523126382_5320.jpg,38e777b88a841b3a7f06bd5250e96551,843136,1o-pN2u-HTPRnLrBnZU_SJfHKEIFDV7ot,exact-md5-duplicate
1wVviUx1akTG_X7SiMpCOJevXz8VdBAdX,rocket_throw_blanket_decor_0010.jpg,15296ffce157497a5a0097c37619dbfc,843029,1Ek1EQ3mOQrx7zmYxiZ0onZHIHAD0Czxx,exact-md5-duplicate
1Z4JmZ5k3OUyuNAcNgGGqE-mI5eWJpaPN,black_throw_blanket_decor_0012.jpg,f323ca8cac189736443e6c2b07ba95ff,842879,13gQ4rT3hchlOH-Cpk8667DJYJKCFkzce,exact-md5-duplicate
1y4ULM6sCVy00NiNqLgwGQvuoHRGADJkq,silver_rug_decor_0050.jpg,b3d598564e08a210427fd3e66c4743fd,841907,159_ik3Jbpa-PLC2eiaRvZ_tvhVckKFWi,exact-md5-duplicate
1ZWWVqu4_H6YcgnfEkHea6WGx-TGbTxya,711_1787163724880_197.jpg,7721903eaef9ef067a84965d050ec76e,838984,11DKNjcDApEDslpE_a00jj3GqUDQHhDbo,exact-md5-duplicate
1iFJKeA8LaTUesoPmUDWu1l2vhWRhxqqg,yellow_cushion_decor_0046.jpg,cb976e4b4070857562ab1b5f5f746c5c,838897,17pLugfr6-DlQV18aSC_-GD9ybCKnF7m-,exact-md5-duplicate
1StNn_mrAObRkDPfrLSMxNJUAZHjceP2s,220_1787163515879_87.jpg,119b9d2c92edb75d71da3ab984bc8cd0,837232,1FAGRUM1v6RdzmmgPljCGP87cPp75n6vr,exact-md5-duplicate
1wrXqVEgXvsS8KnSPK3Zv1Up_-Fol9L5n,1294_1787513621657_1313.jpg,8997f912d2c9e049a33d5f55278d5c28,837163,1e0telxvu61D1PCuzoS1VowKb_boiHiSo,exact-md5-duplicate
1kel5P2pN3P7dlcBrPsWV7C_tN1LYpY3R,black_cushion_decor_0038.jpg,e8ef638cdcfc939ab175dc2a62d6be24,836252,1kIZLUV_i_6UlcLIUpTTaJHiBkKG0vL_r,exact-md5-duplicate
1KJy4VM4Co6yE27UzadXHCznR0eLdI4eU,gray_cushion_decor_0071.jpg,f7e2b3ebaf49f2d7e1342c7b53a6aab1,835311,1F8VGZ3yX0qfFiM3J6BXh0F4X85HgyaG-,exact-md5-duplicate
1xB_CFfwf_2IZDSLZMpvolJ2eHIola-nm,teal_rug_decor_0122.jpg,197defe48c5df13eb1c689874cc9fa01,834875,1ceFB4zDkxpAFgzq0Q4FctEj4Do3VQ1yW,exact-md5-duplicate
1lJtQoWnz0hMzgCMhl1hgljEQyXa-DIc5,olive_rug_decor_0041.jpg,2e425e6193ba22975d62fb7107dd9c05,834313,1jVSDbTjF0GiEDPGovox2OJvaFcdTkT-l,exact-md5-duplicate
1Vcs9eU89W5HBAR8g4ClZFZrMXq_2IMf4,decorative_rug_decor_0158.jpg,a8d73dbd7c1e931f8423fa890ed1850b,830606,1ICQVNq2hwTFTKVrSeOiLMNvVlioK8akc,exact-md5-duplicate
1cB1dZLH7MaGTNr294Fcktuj4rn4UBwpJ,5787_1787524735690_5976.jpg,9274e1b570a516639d1dccb883c611d5,829361,176h04IW5pQB7_9MbhXKQYumWNcvlHrYA,exact-md5-duplicate
1bqAtchxcRh5wsfccA8dld27uKBj2aQfJ,wool_rug_decor_0017.jpg,1b0739fec6b0aa80a03dbd90d3969b8d,827464,10TlUAassYf91s7EAdc-HFA1_YoFN__vv,exact-md5-duplicate
1lcQHQk9G5N2Pyxd0J7Jvp4DQhyWOaCU9,336_1787187013745_244.jpg,ed23e494609cf7a62fe7be76cdace90e,825419,1OK51cfbezQsIw0bF5xxSZ9SCK-LMXrhu,exact-md5-duplicate
1z_SAWziOc9TOxV7oSa7YDIFFrIc8EdMc,3372_1787456094340_3534.jpg,5c82a240e38f7362d51caf05c1c0aefb,825385,1p-tySg_B9oFM5VJ1yg87LjewzJPiykCj,exact-md5-duplicate
1nozUH7XpuJW1fj2gM2v7b9mcKxGXTgw1,decorative_curtain_decor_0035.jpg,a606ba9de97b321ec0362601c9cbb047,823835,1mINDgjwZvPk4ymK5E26omUn8Qt3BfJc6,exact-md5-duplicate
1g19lm2ZQR2rIlDTkjW24Gxw4ShmARNsa,decorative_storage_box_decor_0056.jpg,dd359827268b37721688789fe06fe4e0,823396,1PWig-xRIVeoGkLz4EtXoSnBig7TEqxkk,exact-md5-duplicate
1Lnt_UQR4WlzUzRu7e9LfOQHZCSvrS_If,decorative_curtain_decor_0040.jpg,a55ddccdca0f34842fac2dde0b1df1ca,823106,13DESXBtpJEZ51Dzwa9ucrow4vrnc8NSe,exact-md5-duplicate
1n9OHnGetO-ErJwiYrFjIrL8nTJcE8_tP,orange_rug_decor_0130.jpg,aa77fdf9c707b0d69943c0059a12a1de,819421,1YAiFhgEDdfXazYo3Bql6gAklI0Eg_oeK,exact-md5-duplicate
1T70YZey0Zz6VemBi7F4bsW9ZwgbaAGtB,wool_rug_decor_0104.jpg,257813f3358e169f1ee8b49e52e491ea,816057,1JOgy9MheA2EgEng_2ot610tXjh19yGM4,exact-md5-duplicate
1mvyBP29YViJvZEq0XeLfw9GesNYFKoLY,3208_1787455751908_3364.jpg,ab66a71ca94c2dfe8602dfe60fa4bb57,813535,13dCXf-QkM74kDJxpeRsiHNfvaITPlIU_,exact-md5-duplicate
1f-pe479q2L2JnRNs7jNmBrxtRG1iZvTx,decorative_throw_blanket_decor_0006.jpg,c2857a500dd681c0e860a837be11e97d,811536,10HCKCIjsqo5102eBjrcgnVf1b_aaIHCh,exact-md5-duplicate
1a38rWjhQguWWN1XgMfAgjrJFlxhvTX2q,polypropylene_rug_decor_0047.jpg,60a5ebabb9dcefbf23c89151efbe87b9,810923,1ZST81Nm_iXnzaHLbIG0hQMdXH3re-ez7,exact-md5-duplicate
12J5c51aK7kFG-ttwl9G0PdVFl6-sB9ZO,gold_curtain_decor_0010.jpg,968cbb275a805510a527dda6ac49a58b,807438,11JwHvma69TXf2u7G-Jh8tDHILsg5WYwS,exact-md5-duplicate
1qfpgarftUZTmIad1riadmdfp5IHRfgfi,beige_rug_decor_0004.jpg,29f250fbe15a8b474f0070e4967c2137,807403,1I-zadJQ-WfIloY-gdTKxs7i8FO6S1HTL,exact-md5-duplicate
1juKxaJ4IWgSMCohaY2vygi6LumAxdm1C,hunter_cushion_decor_0022.jpg,2ba9bdef453e26b6bbd5934b0fa5010c,806628,1ju7y4tnFrvcvgtOv0WEEFyuRGM-DCcck,exact-md5-duplicate
1n-Xz9IGAVBl69x8r1s5Uvo9s1r35Nlb3,seafoam_rug_decor_0190.jpg,7007922900c001d8c77fb5e392e77d1b,800220,1jAjdKYKR3pi_AegahcMtTXRfghBiQ7hH,exact-md5-duplicate
1YkQlGoDtpSIy8Er-mHGxAKVTY54d0CYy,blue_rug_decor_0007.jpg,6fd44f729755d9d8a416b7f543f1576c,800158,19Om_YLMdNCpSinOm22CeNEfcEtoZ3f_q,exact-md5-duplicate
1td-yPOYnx2UI7df3HDrVxirn95ppOdKg,laguna_cushion_decor_0019.jpg,8217c86993fbe7fe4721f73ea7472a7f,799660,1mTiUVbjYRL-Z3pA2t45j3gMOtaG8b9Zv,exact-md5-duplicate
14F_KqM1lUjCDEAg8MoQAcXb7JkcHPKki,nautical_cushion_decor_0081.jpg,9a466328d864f1b3c5cb8e1ef26c339c,797738,12LuCdfhCZ0SB-5oC56TAHgUNFBYHAxWe,exact-md5-duplicate
1Pj5eonP_16l2sBc8KXORg0gIGxb-VFjm,ivory_rug_decor_0086.jpg,5d7c3a7f8b1c556026fc4cf11fad5536,794802,18J7ZVHgJ20bxR0w_fT9VRQlGNcHECAYR,exact-md5-duplicate
1xUHVGY1xC-dq_-7DR_iy-iS2j-VpD-hP,ivory_rug_decor_0025.jpg,c8c3f934ecc364a208a7c0f60badbad5,794376,1Wfm_5bP5Gnmx3jiBfm437uH0BbWQNq6D,exact-md5-duplicate
1e4XO0Ibh4VtvDywqrz5OHZcHeWaCSd9B,beige_curtain_decor_0056.jpg,d60640a141b576786bc5abacf60dba3f,791970,1N6IoIacNxNHkzsikuIB_Kwe-Pv0zlAgf,exact-md5-duplicate
1unSG28KzD-53KeII2lMOk_R1oAA1ToHI,blue_rug_decor_0056.jpg,2026c54bd5a4420e4f244754e9aa65fd,791420,1br_wT0X0VelPcil6geXjM3_pJsCAh4qK,exact-md5-duplicate
1Sok6EgLZNO-lbixeq_maQDah-7fBT_oW,156_1787164101930_61.jpg,a723de24649168ea9e37fcb9caaa4266,789375,14uXeQGAgvfDWMD4TRwWNPZUcVNTAFlqO,exact-md5-duplicate
1z_0WXPVS2q6uCz_aVi8kJtnlfRMsBovu,polyester_rug_decor_0143.jpg,2d242954d964f6a0c68fc1c68fbf504e,788473,1y1A2ea5qe55pW369w4B4SBTYarBXfx_h,exact-md5-duplicate
1v1WdtX_AHWP4RBc0R4jRRyxRRfoVDkub,pink_cushion_decor_0004.jpg,6e3c5b5e89ef6fe2a182a47822b285da,787817,12aGxNRWyKZaOmsCagGbDN6VSmhICwqmy,exact-md5-duplicate
1WvDWAwfIr8-U8QgL0xhUweyOl7Amerv9,dusty_rug_decor_0098.jpg,966de72635b46a8e662be6329dde4bf0,787296,1JSPZbeAseWmXUs9la-FfpR9gxBkPdnx-,exact-md5-duplicate
1zq7atu0oWsN9PyUzwY6kAo2igapcWfUO,blue_rug_decor_0145.jpg,4cc3ad7b81aae65340cd607c263f2e0e,785853,1xiEsCZjP48KEWPoO-gGxp2GZwzhMsywQ,exact-md5-duplicate
1YHtn6y3ZW_pUGsuwhxLzUxDwUAye82J0,1766_1787452374340_1806.jpg,c57cff81da0473ac491f7d751494b19b,783751,1Hfek_COpm150pfn9l1PiULa1ybtfOGTO,exact-md5-duplicate
1qtUkVH3S1Z_8tnwp_DtFq9-bKAQeQUUq,cream_cushion_decor_0021.jpg,bd896962617f763adca2b9147db84f9c,783740,1bOgJjJDgJQ897rr_qcxvnel1jfTvDIPN,exact-md5-duplicate
1RGLvQJB72tjxNdqWmYIdCc-ZZs4MtBcv,teal_cushion_decor_0041.jpg,52b76b89606e5935dc7a5e9d908978f5,783682,12pw6LrQ4TYQkCIijCZbIAxnjBm3y24oi,exact-md5-duplicate
1h88fA2G78rgSMaHaP-yj-l2fhCZ4riXM,IMG_0608(1).HEIC,adb14263b1e7e4ffb75e39303c28bf67,778139,1eHfa8PqGUNP7s44ATi7OWqjXevRVjTRS,exact-md5-duplicate
1rj61lsVkaJFzQoqIth4wTzXN1qgkrPhw,salmon_planter_decor_0037.jpg,32e61c69e861d8a7a6d30cdf7c507944,776044,1AEZkXZs0PMWAb5mkNSX1_dCN32Am4w7Y,exact-md5-duplicate
1TuZpD7Ql2FiwiWJVb_Htin8Tp5B4wgxo,brown_cushion_decor_0036.jpg,e2fefbcf3c3c4ffede558e804c6a9afe,775863,1HiBi1MuTfD0BRkeP25bXl7z5rZXHMTdQ,exact-md5-duplicate
1U0lR9geyTKws1sHXEGrpP7Sdfyp-JMfh,4350_1787520959583_4451.jpg,4d16b932453d7858690ba63c81f51ea5,775763,1_hcFNKedHz0LRUQUkgVLkTxMKm4yqv2h,exact-md5-duplicate
1UVsMrK9FV13TNH63W-4NdjNgiKC8pz7l,multi_candle_holder_decor_0030.jpg,d16056524b29cb97edf1fb4caa120eee,775100,10sI-9I4mD-hmtNkV07sgu5ItjdAHbCZd,exact-md5-duplicate
1eKCzm3K9oMkZg5tCOPfZtBri0TJ9G2vu,1598_1787451965333_1638.jpg,2fd95d5ef6b1a53eea32af27c4102941,771874,19nruQIpBlNsn4PdJv9EKFhH_GH_AuDHW,exact-md5-duplicate
1TxHgwhEW1-V7qubf32LNUVA2bCVVmq6d,ivory_rug_decor_0169.jpg,d0bccadf3471c848f3432c871a2c493e,769378,14qbcDC5stCxQOaFAABcFU0AQm-MaMnaI,exact-md5-duplicate
1FAfad8KCTATGD8ufLHa75_avBEcXEog7,gray_throw_blanket_decor_0014.jpg,daf31570721a4a9cba82f4906896241e,769152,1CNzUuMFT4-v5PTat3nmrxtgCWqsLJE9P,exact-md5-duplicate
1opcDTghuqa6dJ0t-ZChbADaW-keUb_SO,cotton_rug_decor_0077.jpg,aece06795faaca662892d3fdd993e33d,768950,1XqfhpQKPrdoJjec_5tlA4S6MfG7kwsk_,exact-md5-duplicate
1e719k31AWuuD-Jqs4n4aX8wSu9KNFGQ2,wool_rug_decor_0009.jpg,8e79c4c06bf1e5ca6f6512f2aad06e8f,763925,1WxmTWSWGqxdg1EdXevGe6_yQELF-Jteq,exact-md5-duplicate
1BufwrWMoOzHDs0ZSRvEMUdOw_BHM-Y0q,polyester_rug_decor_0042.jpg,c1e03c35a9444eae619f3303d93422df,762255,10hB9FbD6pHTPKzM1aCC0yXFjfhgjYl7T,exact-md5-duplicate
1oWJMRFZend0fOF6_QF05jCjlMO62hk_B,blue_rug_decor_0058.jpg,7be508a4ee3721ae067fdfd341f88fec,760519,1lsu44hyxqYfdlylnAlC7jZrMHWPU8Cl3,exact-md5-duplicate
1rZy0xl6aJNdpCSRqptebEVhtoMaivWtl,WhatsApp Image 2026-06-13 at 5.27.50 PM.jpeg,bc6f2d8f4641ad5fa40b44e50c09f812,757521,1-0nQr8Aqnx5i1qO6E5ngu5iNAEMJ3RYp,exact-md5-duplicate
1JA6gxqnvrhotYlE_xLIpcIG-2cxknHiY,grey_rug_decor_0148.jpg,11d06216b8ae2cdcaef2f9ca6689388e,757378,15g-lZ-qxm1OPD0agOBTRk0YktEAGQnog,exact-md5-duplicate
1rXhXSNOjnRvfw730VOhasw1yAHzRot-P,decorative_throw_blanket_decor_0013.jpg,28616863a710fa875f3cc50938e73b97,756941,1Eoo9flWbyxSY5XUmZ9Z_cVvi7V7MW4e6,exact-md5-duplicate
15-gXXZTtqlXRt_zKtWSikVDl_CpFM6gd,aqua_cushion_decor_0049.jpg,e378e88ea118e404ff9708166d8859fb,756464,1-4tolse_rvWc1NPxMEIg2_sgZauNRA0T,exact-md5-duplicate
1rTUlOzC3GO2BIXE0McyO-S3GGXDollCB,grey_rug_decor_0032.jpg,7880201dae698e34295d9eeb50b25501,756320,1QoeRpNlodY8ItKMT4Tiixk6DM9LLLab-,exact-md5-duplicate
1mr7RjLSci_gNg23VovRTbDU8u00kvpK8,beige_rug_decor_0181.jpg,33addbce938e1200e3c4cf65fbea9849,755853,13lZZOGnAm-E0zHFULccoFTUPVdAicjzb,exact-md5-duplicate
1yWEwS2og965ecCZNKZwQrf6hV018Xcr1,synthetic_wall_decor_decor_0017.jpg,0b816fca9aba58785cda9fcc06929a5f,755089,1w6tVjDBuq3AqB5-cyvtTh6D4whdmdCLC,exact-md5-duplicate
1eUVUpTnU9J-VT5gHpdO0jkiwfJqIPsT1,652_1787410456653_693.jpg,cc7258c1b9e9032e1e70f744ac100314,376816,1Kc97JSZ9aNB41zZW74lRYvMgjpXraCuE,exact-md5-duplicate
1pWCf30wdV1_W9nmArEeK3HhGKA4bjFw2,792_1787410776880_841.jpg,cc7258c1b9e9032e1e70f744ac100314,376816,1Kc97JSZ9aNB41zZW74lRYvMgjpXraCuE,exact-md5-duplicate
1bRp_2alVrw-zftPKEeqam7FM4QSmjBqX,gold_rug_decor_0068.jpg,41fcc66f5c7d4501fb76bb6790d1e07d,750839,1a6dpK_0UxajCBH5wStO7Z0fMzpWlhAXq,exact-md5-duplicate
1YFY4YTMpKFt5eCQ0OqHzUJhqbnEIrYbo,ivory_rug_decor_0121.jpg,272925ac7b6d9ff844ae71eb5035f71a,749798,1QmLLytqE6k3QcxZxCHYfBwvxLhJXoiIr,exact-md5-duplicate
1Ble5RgNLBuChJ0zrCIsMvWSvVfxlwWFH,beige_rug_decor_0149.jpg,59e39b91ec42675069707bb7b34ff5ca,748723,12-5aMImmcBbJWWt82h1WVrrETtgjjBsd,exact-md5-duplicate
1R16BoCGw6KPk8fBba7V3wf8aCFMobqS6,cream_cushion_decor_0077.jpg,c57c49b3365fb75e1719dd129b11b68d,745644,1AgUubFtjgQVKtGPpf_6qO37EY5rCNyT9,exact-md5-duplicate
1pXRZnSONNX6caV5ImU5FCAvwzYK3xUVZ,IMG_6250.HEIC,07698f9a76dbe39e0e2a228a8b255b34,745622,1YauCRfpq-fMorTgt1TCtDTS6-ee-aPws,exact-md5-duplicate
1gIkbcDCLf0ey9QBFzd7nZmyK6FEFQ1s3,ink_cushion_decor_0055.jpg,9892420d5183f767739fdd7842949fd1,741862,1fFxCPkIoV5hF8FcszCM3O6RodzeH0ldU,exact-md5-duplicate
1gye1EnAN04_qb4eS_QkE_KI7I7Wvqhv-,grey_rug_decor_0162.jpg,92a5791bc028d43510d579fabc3a63e3,741253,1_JVVms2Ngf7nM2GKS-ADZ8UaJzJ2l1bD,exact-md5-duplicate
1BDdvBSKnI2lDejJNpxn3dCrYQS2tOHfb,ocean_rug_decor_0103.jpg,747ff4bdd68805b72c6782c2b85762a9,740401,10_H3mTXpp6YMzPMiqUsQ1WOmsU20mFRr,exact-md5-duplicate
1yDLO-hdwW3tZ67zxESxEZ_HDF3SgCOg8,red_vase_decor_0017.jpg,760f6ddfed9ccbbf2213d56d9d759bc6,739948,1cGGDYpVbXFBuze9UdmSJlXPs7vpysD2h,exact-md5-duplicate
1ssAX-Ycv7MfKKlDKtuoLc-d8fn_jZA2E,gray_cushion_decor_0064.jpg,ab2590f7f8206bede1302f175c808e41,739874,1BARU2dILjWVcUWQrK52QJYU5qC0a6xbJ,exact-md5-duplicate
1w76rVRunaZh10DJ4IUJ2AaJ3Dkm_iw8D,WhatsApp Image 2026-06-13 at 5.27.51 PM.jpeg,4ec0f829e30a226cbb40877a390e1ec6,736008,1IkYpk516yxc0YgSycBjhBV-JFn8xhM5g,exact-md5-duplicate
1jYoIJrhXXclvOD253MHdIqh3BmyUZk7n,multi_wall_decor_decor_0009.jpg,800cca03fecf6cfd20ae1f6b7df52d85,735439,1VmzIEemIXB0rxpiFXhM6tKfvJ1uZcsbF,exact-md5-duplicate
1jUc7XGyLqbOYHUX1fqwpJnBSNZpXWhBG,gray_rug_decor_0093.jpg,766460a2e5b46cdd633fb16456c5f627,734982,1XcsCatBW6LJ3mZ-57Z3nQnY1vJOdrsRb,exact-md5-duplicate
1ozRhlfLwCaX-mSYaZgOSH-yo1Kkkz5YI,ivory_cushion_decor_0031.jpg,0354f18c598fade8244e9e07cb9d9261,721612,1GHjpASALL0hfHS6xX5K86tcRnyRRTliz,exact-md5-duplicate
1V7FTY5lp0So1bMvaaWrQBHGPO0ZzLCgx,decorative_curtain_decor_0030.jpg,067b0a488fdaaaffbb79c10a17e22998,721459,1DH24QjjAJYnTj8l3sqY1hCAsKqadix1H,exact-md5-duplicate
1HebQsvXIDV1u9S8nEdE6p_-N1IMg8SRW,cream_rug_decor_0142.jpg,8f2225077c039038902ba90802a71fc2,721047,1DqmCxW9EPtM3LFHBAWeIHD5hD9vqbSPD,exact-md5-duplicate
1pIKaha34QJnMZlRqayaSvjjzfxqmIUwJ,blue_rug_decor_0051.jpg,722afbc1b605db006817e36a9d6aeba4,717726,12ZwMwHi9pMaMEZm1ReT9qCweTstFcvk2,exact-md5-duplicate
1PQc4gUWRdPt1vHfk420AgBQbKTjsDhQv,IMG_0618.HEIC,a296a269b29c7c286b05fd4956095a4b,715838,1GlgoqMt0OwTRWoyGT2MbAAUJJ0yHBLT7,exact-md5-duplicate
1jwkPCBnrs9Rr3xaA8W3B7RZp4ltix8nm,313_1787414556680_316.jpg,618b21f8e65026e648b128ae2f003fa7,710405,1bM54ESCRe9l79U35vcDhiyNCfQ9W2CZF,exact-md5-duplicate
1xPMzX7lDA7sG_d_WLcau9S7HFj1Rv8nY,94_1787414056663_94.jpg,258da6eeed8da0e57d79312e0a0e89aa,709945,1bY_EA3N5GwG2oSzRcpCWOZ1Q-SIhUr-D,exact-md5-duplicate
1utM8_Vadk1Pbo-1-9AmBqSIPpLikCTEm,navy_rug_decor_0116.jpg,6cb1ffc567d8ff62182b539e6f7306e0,709387,1BLg6Ql-Z9stqaRtmj_lJ_0k8el1tU7Pk,exact-md5-duplicate
1wm5-72RpI_omXJvJFKO9qXc4DV-CcBXp,red_rug_decor_0114.jpg,c109d0756324b1b3c99ac5effe2021a2,707466,1VZVcHRLiVOegvcD3Lh4I1JsWlGZlE-Sr,exact-md5-duplicate
1rTGYbLWZiyn45Qf1bGzTWpl89Ceqhk8d,stone_rug_decor_0045.jpg,1a1f04d08678bca15ae8ba6fa1e54198,706702,1mhOhxrT2WJoGthOjKHVLgt8fuSC_2EMh,exact-md5-duplicate
1rnTrekb2ol1Ndix0vcwMbEAaBk0CLMgC,grey_cushion_decor_0089.jpg,9857423999780dde8be506ab9cd6b4b2,705485,1Yr7uG45hKhO6oUaInUyqi8prs_xEwYJB,exact-md5-duplicate
1ro7SKM06-YIPFpE4R49mPy3jjNedVymx,decorative_curtain_decor_0042.jpg,6a172c821bbc3467611c62bc422238d4,700125,1qP55mOdKiOhIloOEBJ85Ns87S14Uz1II,exact-md5-duplicate
1TPKC25uy5TBdF8WXYHDr3bjdc8PWCiGU,palm_cushion_decor_0065.jpg,56646563f9dd7472cc49ee704efb4050,700117,1Np_H5dm-FTvn8VtnUWq4MclhCcH-xOvj,exact-md5-duplicate
1ti59lfx7XDI5LiILheACoWtx2WCyOw-j,3211_1787518077601_3267.jpg,2204c31d63157aa9967b6aee5d48c286,699236,1pcDr7zK2tpxGzsmWiq_mBULsZMmA1xeM,exact-md5-duplicate
1tXJE8sr3mfdr3swjBUL2aHV15-hbxyF9,grey_rug_decor_0163.jpg,5dc0cd73640d9a2ff76d7a10d550e211,697570,1V8xyqRfJETP7Z_vm4WGrLsAu6U4kfCui,exact-md5-duplicate
1y8rH6cn_ouQyuiqCLicZIZdiTgO6cpd0,wool_rug_decor_0021.jpg,64c8071650d55af63cedd007a5a22ab1,697331,1I9uGyu0yEhkrPh0iJubMKTgDk-oaRGdu,exact-md5-duplicate
1slx1Sl9pklkM-dqglPxuE65fYqiIG3fp,metal_planter_decor_0082.jpg,378caa93acc4a5e0f3974decd6846e81,697271,1R9wkQpDbygqIdgK-tqeRT5qoouAPYnCx,exact-md5-duplicate
1UpweTieyxyqSsB21Z7X0eNnRFzVFZUZM,5117_1787523009591_5259.jpg,34abdf1ac97d14d2b8b39ed7b63558f6,695005,1Sl59f_Y5GaRWsvkft_8YuUwCz3hgHdni,exact-md5-duplicate
1Q8MmkmSG_uqSD3QR7jSuM7DHas3zJfhf,ivory_rug_decor_0072.jpg,ae1f31a8d99e951c5a73f11b56eb8127,692981,13zMkl7VgNRprh3cI-wFsGEAVE1Vocs5z,exact-md5-duplicate
1zJscVZuxLolPr8qVbvXkeT1PK_i3X4p8,IMG_0620(1).HEIC,3aedd68323b24e1a52dc133a39dd8d13,692780,1ozI3lXoxd0zrOs-9rGh3kVTw9r3AXQr9,exact-md5-duplicate
1Xc2KWlx7wZrl_rVSfivNZxksI2g-oeYY,456_1787187245573_331.png,154861e0d2546601ee5c5a807de94c52,26595,16YUsI-ds_gyMY31vVGCQxbc4C8hcKAW9,exact-md5-duplicate
1uEXFDC9orOQLmpe4TQFohoONDuHata7u,325_1787195462525_253.png,154861e0d2546601ee5c5a807de94c52,26595,16YUsI-ds_gyMY31vVGCQxbc4C8hcKAW9,exact-md5-duplicate
1A6F9OjniLU42TaG-zi6PgRwkig8WFXH0,390_1787425173962_399.png,154861e0d2546601ee5c5a807de94c52,26595,16YUsI-ds_gyMY31vVGCQxbc4C8hcKAW9,exact-md5-duplicate
1EV_famL2E0q58OKGhBuH51MDKKQ61kye,435_1787414856141_439.png,154861e0d2546601ee5c5a807de94c52,26595,16YUsI-ds_gyMY31vVGCQxbc4C8hcKAW9,exact-md5-duplicate
1OAuUwqpXV_mAw7fdrFnhdsX4VqPt0bMa,149_1787419366569_151.png,154861e0d2546601ee5c5a807de94c52,26595,16YUsI-ds_gyMY31vVGCQxbc4C8hcKAW9,exact-md5-duplicate
1QYPosakspBetznTQhwljehlQgHOz1Qcw,669_1787415267950_674.png,154861e0d2546601ee5c5a807de94c52,26595,16YUsI-ds_gyMY31vVGCQxbc4C8hcKAW9,exact-md5-duplicate
1Xh9irDeu3KqSCZOgemn06eD1kttp4uUD,538_1787415027079_542.png,154861e0d2546601ee5c5a807de94c52,26595,16YUsI-ds_gyMY31vVGCQxbc4C8hcKAW9,exact-md5-duplicate
1cFRyXmPjI9bJJX9PJrAAouA6OMIoLeej,190_1787419455588_192.png,154861e0d2546601ee5c5a807de94c52,26595,16YUsI-ds_gyMY31vVGCQxbc4C8hcKAW9,exact-md5-duplicate
1fx7RlhLfNFHQbdjpu4t815dE0rpn4sxV,432_1787425259744_442.png,154861e0d2546601ee5c5a807de94c52,26595,16YUsI-ds_gyMY31vVGCQxbc4C8hcKAW9,exact-md5-duplicate
1zQu13-aSLbNsA6XRhT17XcA4sgKn2map,263_1787424857972_272.png,154861e0d2546601ee5c5a807de94c52,26595,16YUsI-ds_gyMY31vVGCQxbc4C8hcKAW9,exact-md5-duplicate
1zTW13rMjpdP8j7NbVHRixfVPJQvXTdvc,214_1787419505533_216.png,154861e0d2546601ee5c5a807de94c52,26595,16YUsI-ds_gyMY31vVGCQxbc4C8hcKAW9,exact-md5-duplicate
10HXNvuVT5-jz4XNmVQpihj9mC-3fDevV,619_1787449645146_633.png,154861e0d2546601ee5c5a807de94c52,26595,16YUsI-ds_gyMY31vVGCQxbc4C8hcKAW9,exact-md5-duplicate
1B9s0Vb3LALU4m6luVx4jZZXtSg_IpuQC,1203_1787513399525_1221.png,154861e0d2546601ee5c5a807de94c52,26595,16YUsI-ds_gyMY31vVGCQxbc4C8hcKAW9,exact-md5-duplicate
1D4OqbV-R3ICk9GSu7Lj-2Vqj1vEeNNvx,1396_1787513871528_1418.png,154861e0d2546601ee5c5a807de94c52,26595,16YUsI-ds_gyMY31vVGCQxbc4C8hcKAW9,exact-md5-duplicate
1FZ-N9LcDMCnplLw4HHZwQbDiF2F0656r,318_1787498503507_327.png,154861e0d2546601ee5c5a807de94c52,26595,16YUsI-ds_gyMY31vVGCQxbc4C8hcKAW9,exact-md5-duplicate
1K9Xd8LptGtrg2AYAGVsgAPAZKkDI4ffD,256_1787498359578_261.png,154861e0d2546601ee5c5a807de94c52,26595,16YUsI-ds_gyMY31vVGCQxbc4C8hcKAW9,exact-md5-duplicate
1L9pRwVc3PE57RCGwyXYlyfJXkTVe-8jL,1571_1787514318507_1598.png,154861e0d2546601ee5c5a807de94c52,26595,16YUsI-ds_gyMY31vVGCQxbc4C8hcKAW9,exact-md5-duplicate
1MWsukHdtX7WeUpquLYT0QVsxfFWrV5dM,289_1787498440601_297.png,154861e0d2546601ee5c5a807de94c52,26595,16YUsI-ds_gyMY31vVGCQxbc4C8hcKAW9,exact-md5-duplicate
1MgKG8bAATHyWVIEyurRdF4FxXjWdaGGb,1792_1787514843542_1824.png,154861e0d2546601ee5c5a807de94c52,26595,16YUsI-ds_gyMY31vVGCQxbc4C8hcKAW9,exact-md5-duplicate
1YEtCFUuHtVjsVt_DCQgDVj_2XcLqGm5j,1975_1787515290518_2010.png,154861e0d2546601ee5c5a807de94c52,26595,16YUsI-ds_gyMY31vVGCQxbc4C8hcKAW9,exact-md5-duplicate
1gO9j6QK28j7wBQ4z766SyFgOrgoaWkKp,456_1787449228164_464.png,154861e0d2546601ee5c5a807de94c52,26595,16YUsI-ds_gyMY31vVGCQxbc4C8hcKAW9,exact-md5-duplicate
1gyTQ5K76oSVR1WhBDDwXan4voJhaWaqK,340_1787498553507_349.png,154861e0d2546601ee5c5a807de94c52,26595,16YUsI-ds_gyMY31vVGCQxbc4C8hcKAW9,exact-md5-duplicate
1hVg3oOlmq4Lpc2rY_Fp7CcbRCcdv0O27,1372_1787513800535_1394.png,154861e0d2546601ee5c5a807de94c52,26595,16YUsI-ds_gyMY31vVGCQxbc4C8hcKAW9,exact-md5-duplicate
1m0MLB24D70ursk6UWKMmw3p3pRP2rdBC,1303_1787513638863_1322.png,154861e0d2546601ee5c5a807de94c52,26595,16YUsI-ds_gyMY31vVGCQxbc4C8hcKAW9,exact-md5-duplicate
1sHcWCFvtqLErlzxFrkKAnGXtVCjjNNNh,1332_1787513710520_1354.png,154861e0d2546601ee5c5a807de94c52,26595,16YUsI-ds_gyMY31vVGCQxbc4C8hcKAW9,exact-md5-duplicate
1x6uSoVum-O7-M6_Wb5mbgPj6VdvsG-ap,777_1787450024132_792.png,154861e0d2546601ee5c5a807de94c52,26595,16YUsI-ds_gyMY31vVGCQxbc4C8hcKAW9,exact-md5-duplicate
1w1HgPzqlsZ_5yTC7TQTHIGlnc4xe89i2,truffle_cushion_decor_0056.jpg,44dd1e9548e5790c2da13980f827f832,690723,1vA1fxdglrLf1L8hWG6tsPnRsZqHqsi0S,exact-md5-duplicate
1qJA1cUKFbaJraUSgUx847hz4fyhDpIif,orange_rug_decor_0140.jpg,0ba8da9888add661d638ce6cced47789,688844,1Dtkvu7PjifLQ5ukAs4wPA_7atf5NErQ4,exact-md5-duplicate
1fqx791YA4imXZ78se0OiWAlgXdg-Q6K5,pewter_cushion_decor_0026.jpg,59678b617f169edd8ba2482ab5b298ea,688669,1OPIArawehTr0fYvtIPfNDH10Y63Umvps,exact-md5-duplicate
1H5o9Xr7hFBQ4JvP_P34gZYdKA7RvS_yp,ivory_rug_decor_0133.jpg,36cf787b808f49d50280d1f6ad45eaea,687278,129iKwCRlGQ1dJc1iT1tnaG5H2hlwsfBc,exact-md5-duplicate
1WL3t4KPV11y1yHH6bFS02zx5mDD3TNbr,stone_rug_decor_0137.jpg,dc1594024295949329e22d214439933a,687116,159CF5ICyvMrwuTaFqk7dFvT9AziOBml8,exact-md5-duplicate
1rz7-NebTK4XaX7gPBe3kSy0m_0SH8EU_,grey_rug_decor_0180.jpg,92c0408b646e3d13edf5f8964e1b69f9,685043,1En-sJslTMc9RQtNLFE7uU5xTuJwEM2xO,exact-md5-duplicate
1nXfcsT1t51yX4APBFcSxEmrIO0D_Qw-o,dark_rug_decor_0165.jpg,0089dbc20adcfddd03962d54f7611b6e,683381,1-Rz32sGqAiGWNNedggXB0jhsjmqdiqfb,exact-md5-duplicate
1Ra0yXEN37El-FEalm8gDDmPoKGKyr-WC,charcoal_cushion_decor_0073.jpg,d6e26717c33999a22c59b88148e754bb,682830,1JjovbOej1LikFA2hfLjtZQ5fcAntg5RF,exact-md5-duplicate
1LGbqjz00-HO4VsXZpEN6okJ4E1QJ7deD,decorative_planter_decor_0016.jpg,172fe1e8e8bf209f75e1b5e50e28b6aa,682821,10kbGQ9RL-27cTOff28zCszPVAo4R_ehM,exact-md5-duplicate
1zQi5fBwJh02QlsK6gWhwSB6aD9c3u2lj,light_curtain_decor_0012.jpg,37f5bf9b7ce638f300e3c35ad0656d29,681705,1jEg0UHR2swnd5F-Hnhf3ZAB2WWdCuFPI,exact-md5-duplicate
1rSAaEcAAeISlf3jomT3VGGtXVHjgFJ0e,wool_rug_decor_0113.jpg,0f77f2b9d92ddfbc8b809e901abd328f,680631,1qiUkl-S4dP43T502KFDaYmI_Eh3eZl5m,exact-md5-duplicate
1YpSf5WXSvcmFySUIT_8ehXTLw8POVUAt,pearl_cushion_decor_0029.jpg,4ac6b6bba0a79fae7b957419086a7007,679526,1OCC4GXf_QRT0kL77J27y0NEa7ePrjkWm,exact-md5-duplicate
1qPV0N-M7NG8oHNGqtlbP7BFOO8AcXMLP,3920_1787519827549_3990.jpg,024814e0271d027971d3dc3545cb44ee,669805,1_sLw8FClA1T98g39XuSpoAJlZ1CTWb7g,exact-md5-duplicate
1iBQ6BQEkPIUeDR4woANH2-nMNeordjvq,blue_planter_decor_0059.jpg,62f18f1ccd26d31a8a213137218da400,669060,1axjmC8FEb_-HotgDPU0SZjywiRTsgP--,exact-md5-duplicate
1jDJwOa1rOomdgmKDfCJcCjKzOvlHT1LV,purple_cushion_decor_0045.jpg,c58e3ed50859e7ef87c8451c54a9e2d8,668189,1TAFoakgOvcEPJ-5IeFL1MLo0hiqBUQ3K,exact-md5-duplicate
1w9GTYsb1ozhGtzjkt5nV1e4EWp0Jc5ms,2449_1787516297599_2491.jpg,50f8e8d039257188f1bbc640a1d27654,664012,1rDySwBgjmCWHRKQKcqPOr7ZZD-9BMpHQ,exact-md5-duplicate
1b5wql3t7MQ1loc5_isFavvzJVzLas3nq,midnight_cushion_decor_0054.jpg,5893bf55757335bbd813db558b1baa30,660657,1QZ3K9ekZcwrwaf8btm15fTyl7j_hmxdQ,exact-md5-duplicate
1rhEcTY6LAzaUqXCAagcrR7qCGlX7NNYG,3817_1787456944186_3991.jpg,1bb232916d7f7196f1bcbb5c7e5a320b,658849,16NTKRPLGA1tPtrkyUGqQICEfJKDmftXi,exact-md5-duplicate
1pfeUAM6lcWGdzBOI0bpHuBHurVcPlIQv,228_1787424783055_237.jpg,cb2daea00aaab90c5aa37732cdffb2ca,658714,1dQc1eS0wyRlsm49OOXhe1gMLSnGBBU-N,exact-md5-duplicate
1q9txuzyDWzKj_GmFQQXNFikNOWKMtR0Q,1404_1787416707599_1425.jpg,bf71ad69af040d88cc2be5df9ac46b27,657868,1g3DVDj9Z1jlKS97tK6_F5KbyL0fy-BDo,exact-md5-duplicate
1hpHqF6upJsV9_bhtmFSFrFcYK16bQIJ2,dark_storage_box_decor_0039.jpg,8edb253f4f0cea82b651a5c30d475f42,655770,1WV-zcuch-CKUuz5U8ezVIvpv-9eJlcKz,exact-md5-duplicate
1Cb5W1ve999A-zzE94INXb-6cORBsEDlI,3302_1787455938347_3460.jpg,ffc694a7910767a19e8f2e070c1b64bf,652819,16XH48FP9aHZEOuyWTdEwcdJum_GxqhDF,exact-md5-duplicate
1gpXtyuCCi0gvBVYRQqxlcnBt4IYwfeJH,blue_rug_decor_0006.jpg,6da9314758b2d78f2900cbeaadcc884b,649438,1ZHt0noiak7yHsAvt48F2zDt7tFgje21G,exact-md5-duplicate
1dN2rx3SjTAK6v4ittObhQq8v-hygNdqd,cobalt_cushion_decor_0066.jpg,86be60482ea40a7941599b66860a1be9,649063,161J_7LqtaWoQaIru-rL_xuSpzdH66Y7B,exact-md5-duplicate
1CyG2JCOO7wimok-HoUA6D3vsHJDDhsAa,coral_planter_decor_0054.jpg,d3303025b5ef1f5a5319ebaae9df0773,648268,170vwjonseCxNJ_nmJ5NYVutg2IaMQN_3,exact-md5-duplicate
1WT0L6pLY62Bvb-IUJ77vO1rNtWJwlB-G,stoneware_planter_decor_0029.jpg,e8960b78cfa5bc4de6d542a7b1f458a3,647909,1KJerlpVpYvXyDeOywJifiW8JHo94esXW,exact-md5-duplicate
1ZqSFa1bQ0tyT_Vk2552ih-elu_rdoCvL,decorative_curtain_decor_0057.jpg,35815074cb15fb5ce946ceecc0ed232c,644290,1RW_2idYGcp5dUahMCCY1A1UEOCnIVHvO,exact-md5-duplicate
1n-3YSw46I4PleXHpHNpU8Slfb_Sa5jh1,lichtgrijs_cushion_decor_0060.jpg,9eb28c6dab628d8936d73bab560c1773,643818,1Uw6nR-PzbBVOzJTDAeJ-gxgQKxTCnt7M,exact-md5-duplicate
1oYWUYJhe61quI_oQariAtT_XbUPTowVM,natural_throw_blanket_decor_0015.jpg,9ddb37db8edd02085bbf01ca4de070ba,643248,1TQ2WZendGGgsR_tLTnY_PyGqfL864CpT,exact-md5-duplicate
1xs7GLqylzB04NkWa4ycUpQMt-rL-_TWr,decorative_cushion_decor_0087.jpg,84b576d09ed81deab0bf58bc3264aabd,638575,1F_aI6Mjn9nZuu7qRkJWW3CK2zy3CTLUL,exact-md5-duplicate
1xTHI7bSxXRWF8aQg5lrdZ5W89zmfBJil,beige_rug_decor_0012.jpg,c312aa5cde89913c8222e3524deb0082,637563,1lN6OtvcWDCL3R__lDly1J8ULu0Ie4imj,exact-md5-duplicate
1yY05EEGwxFXGQIWeyn6YJKvSWmKtaRfR,beige_rug_decor_0160.jpg,665850e6abed1d000a45f002b9c8a2db,634619,1on-KeWT89yDjeJd6v32GPy6GxrYso2Xd,exact-md5-duplicate
1_Ph24Gae3RRepVOpe-_j0TtBixqRRSus,beige_rug_decor_0167.jpg,cfaceddda56a711f843a590a3d89148e,632659,1CD1C7Ad8gBQ_WV4s0jYx90Ri1GaIIDr5,exact-md5-duplicate
1Zcc8pN4ZyTZ7xhifkjTutnoAEY4djvCn,decorative_throw_blanket_decor_0001.jpg,665a52a3db66cb415a4c8eab77bac124,631719,16XTVkdyRsyug0ULphwXQqEy8wNnN9-Cm,exact-md5-duplicate
1qlJZ88zN5gi1QEEb0K492fez5-bJ2TaN,plum_curtain_decor_0103.jpg,0b7470ed841c6a7c489401327155bb4c,629149,14iCP81582nBvkH9mZktiWeuRBTMD4UxC,exact-md5-duplicate
1ZX1pqb4R8aK9nP2jKZtbe9WDT9U6GWYi,176_1787195193492_130.png,bff4b79ad5de43db7d6b6d0734a6c86a,628231,10PrCpyH-FKK8MO8JBXiq9wdHknim2DZM,exact-md5-duplicate
1yIBNgp_k0q5oCLTmsjAGEspd9cuYVuSc,156_1787164096985_59.jpg,a5f503feeab95e76421b48f80439cd1d,628134,1YN-U_vG_W1KTNCpderzkhhHc7odAyNN0,exact-md5-duplicate
1R3SFF1MUTlFSf5vzxv15lUuFj5ECAC-5,grey_cushion_decor_0013.jpg,89e97442d175049952f372f135375510,621015,1L_Edu6gILRmIFCFH80KpbpyCyq8Mj2QF,exact-md5-duplicate
1vPmx-zYiNdoJ6zQ9Y6YyghcSnOW9xpjl,black_planter_decor_0060.jpg,d5f36db7fb003019da1a5192f26a828b,620951,1gAPnNHqdHNuImj6hRyal7gQwu9y7NWsW,exact-md5-duplicate
18ibVOVrpYEOdJV23UzmQITAdno9Dz_X2,citron_cushion_decor_0009.jpg,fd2b0ff905c1be488f446f77963d4873,620785,17pplJitmqYhZ4xf_3i1XC9GvyLvZ6pfg,exact-md5-duplicate
1tRFhP6OyVnf_jStwjhHHDA_YisQDIDu8,3648_1787519123555_3716.jpg,7bcb910828d767dccd3f9c7ba0a450aa,620203,12ZtMV72x2UVxZOH6r43KkvilWCuJoC0f,exact-md5-duplicate
1kUhfAdKbuQ-yGCpfBoBU7HZgWFLfiO4y,citron_rug_decor_0138.jpg,3db896a968f137ff8078cde8f55fcd67,619745,14jNJGghCbiiSFPBk3Ai87T2XnU_ttPDJ,exact-md5-duplicate
1h_SY-KklaZnvnwNuhjnXC_P45os_KSjb,decorative_rug_decor_0101.jpg,7c0c650efbda22f7a098ed5c028fdf43,619227,1YbYK04hyH6buuuvzUCOF-NgVeeczYUuT,exact-md5-duplicate
1k_O0Kqwjk1zMta2gyhw5AY3AGWQ3AU_6,pearl_cushion_decor_0075.jpg,a3272230283fcc2aa301b1adecb1b2d3,618203,118hDNDNK702-fHXsfVPG3UfxCs63m-Sz,exact-md5-duplicate
1bOvFZZCtWZf_rI9j36eoHnKvaWb9x4V5,grey_picture_frame_decor_0029.jpg,816108253c24a115452a1e9f88fb8069,617024,1MaudMguCk_Ul8TINN0Ui0SkGVo8mNc67,exact-md5-duplicate
1x7YyEFMX-EPAruZyWAUx0jQozY9NrXom,red_curtain_decor_0032.jpg,5520fd51d3be2685ffed1a151f0fa5ea,615386,18ZI8hhOwpAEJ4d46nB0qoiQxJl-uQUMo,exact-md5-duplicate
1EmfyHZyrCm-GaUW5xGbRmgeNYT6sNOMS,brown_planter_decor_0065.jpg,1eee0ba5f3b1d933eef31fa3054ec834,612571,10oCsqaaFGQXT40MPcAA289uB1RrGU8Wb,exact-md5-duplicate
1wW-c8mLi67han7CNB-h6AfZiZqpBMrRr,champagne_candle_holder_decor_0041.jpg,b35042ce9c2446b3db9994c3a88ff354,610570,1PU-TRzDIqfEpaRdXQlmJgwsKwwzqHyBK,exact-md5-duplicate
1mMi1_CfrpFtD-TEhikSyrpkLDR_wSn06,decorative_vase_decor_0025.jpg,9e5f0da3646b321020ea1d6372448373,609996,1IQb3lxsFk_LN8_bb6pXZMntDA5zIg40M,exact-md5-duplicate
1j2nGr0ndVjlvgrY9L8MsrbwDRI-mHn_Z,IMG-20260813-WA0069(1).jpg,7ef62ad83e3fb31ac5c7272597739724,609242,1gcsGKjD7Jt6rZGShLkB2XRZJvyqkePdS,exact-md5-duplicate
1aTndjeFadLDTe1-wyVAXdhtYTle2o3eb,1166_1787439866437_1233.jpg,71e4a9574756d081cdbdcee674b27ad2,608783,1O5FgAb716xq2I2xNReR08K9tvkqjuwmj,exact-md5-duplicate
1h1q6GlMopTZcIUnY431XletBUyaK6Uxd,gull_cushion_decor_0076.jpg,4f5253e5206d860f7100762f716c1a10,607675,1Hn_usDQo6eRmrauPsephmpbfshR0Elst,exact-md5-duplicate
1y3BNFE_tV2Skxs2iXP8piZ4uZIXvlJUn,1274_1787416404768_1294.jpg,e20ba28cdf284eb9f42c5a485e1847ae,604918,1i1cowLcvaY4jmzRPlwt82xDgOJ5zltJs,exact-md5-duplicate
1IypvR9CXSasBG1oTnZ3ZsvRC4ueCmViI,ivory_throw_blanket_decor_0007.jpg,2c58e7d1179370c544b58e22ea24a0f6,604318,18Lhc_QjQx6nHn50KDrSZ8jqAMItHeQH5,exact-md5-duplicate
1ex-VFiGAcF4kiS7iiazvVWjDMUs8R3r8,red_planter_decor_0025.jpg,0aafbea5c489f434e17614f76c214184,600144,18XvHJXJaldmRetOZDtSRWHzdrMRPMlmd,exact-md5-duplicate
1uVB04qxxfHdPzbMZYJTjbwDVSzMW-yeN,glass_mirror_decor_0012.jpg,de3cffcc8e5046bd158d60b7c388eb7b,598334,1s68FaBbrUYvK1S0Zo3ZOALOewUWX0PJe,exact-md5-duplicate
1mXFvu2olcyOYYCUXB-OF2weXIopQLmgn,IMG_0605(1).HEIC,75546c37ebefe3050460fea0d318ddd8,593863,1KUYWjcz5vuCbw9zciQN-0vuLiSFcuq8z,exact-md5-duplicate
1t2j-jwYVTEAE3vwMJQ4slURmSFPi-TK6,brick_rug_decor_0001.jpg,f371e7b030ebed752fe6a030d2afd304,592589,1lFa0NmOgEcSeNTwm0oAFBALTcdVZLnA6,exact-md5-duplicate
1PSr5m7znR98Px_4gz_zI2-_rOHHbr9rW,wool_rug_decor_0070.jpg,569a2f684550eeaca716d54474319514,590479,1MEiJaS4DzbIXOLh9fhLvzOtuA6_EVSSt,exact-md5-duplicate
1nML3SqB4rN2gHGC9mn6YtbGiwm86STHf,cream_rug_decor_0120.jpg,22b779aab328d580a847cea85b105a52,590146,1WItE8Mk0DE0fch4qOnyi-E19eWPrnOMB,exact-md5-duplicate
1NVSR5eqROlEsFt05D3tleERVLjMu4H5r,IMG-20260813-WA0068.jpg,26a589c8108abde6a2cd886f05995f95,589996,18eOoGzUpgN4EEVw_ewzymjAZoPNx3aHY,exact-md5-duplicate
1l7uF5g_AGfXj5fIQKubVv7Tel8pCYIA0,2344_1787516063615_2384.jpg,7c46e436f4008f6613b18e1e09686a1f,588434,1tcoZG4GORSO4dbE07ZWSFFrmVUDtNNU_,exact-md5-duplicate
1znnXQ9CeA0osk1skzQwihkUT1zbIN5ny,150_1787498105571_152.jpg,812a81c85b4c2aab690f7488a95c878f,587458,1BEcbP4WSPjTeXu-4Lzu4g3U2x-LGRNQk,exact-md5-duplicate
1r5nND0T6CSif-5lA_uW1f2WczhXJ5oT6,black_clock_decor_0044.jpg,adef1d77f86d1275315a37135e9dfaf4,586316,199bCZOEVOwhDiZ05jyTY-HhFJ2c5m5IU,exact-md5-duplicate
1vWEaqJ6aODNquNyltJL5nnJkoIf2GnfJ,2198_1787515736838_2236.jpg,7a617261aded902822ed0bbb3504b803,585911,1Bj7MkltA0C4EYYlfDWC_xdrfVD9VfUj3,exact-md5-duplicate
1VPiP-VCy8cQZFwaUWM6mMpfKdbPinetD,gray_rug_decor_0094.jpg,80a6e164d9a070ebf633609ed88ca8d5,583347,1OLI7QmG21xtYiZYve-vfLFWq9cPzHCpJ,exact-md5-duplicate
1wzusjncbx899Z29WffWhAc2GQuIOJc4i,beige_rug_decor_0176.jpg,3bbdaecd31759815a970b0eb01e70b01,582065,18LgjYKd7gAqCSjQ5V-B4H74aSJzbq_HT,exact-md5-duplicate
1LMhhhlbrpqJnG5X_BRAIjlxIP6HtioLo,pink_cushion_decor_0028.jpg,4c3769b61fc0790ca30199163950603f,581883,1B7eltdd8yO4S3E6XjG6VwtehAbmCUCYw,exact-md5-duplicate
1y2_RuLP4MSPlDfBczI31ur5RWLPHphfw,decorative_rug_decor_0034.jpg,81e89b5756f4b6bd4e8e36e908ade531,581111,1D-JkQmTZuvlESMtamGD7j3gy5Kvv-IeN,exact-md5-duplicate
1lL0MbJF1kydPtTLoXaHy68iSEHu-XT_r,IMG_0611(1).HEIC,b88016083c75c73b21874cbbaf5e5428,578834,1hu7HWHDtMnuCxzpdMUWaXGiULCDorL52,exact-md5-duplicate
1LRIQ6f3OyJAnAbyeI59tdGWYz7r8AWP3,IMG-20260813-WA0268(1).jpg,ba9d1f033b407dfcf24e55995af13a54,578651,1EOzecji40wqoo1HM7NwQ4w4RRehiQfLu,exact-md5-duplicate
1M_Fw-bBb0-ZTyA9QgV1mbMZrzj2X2Jsn,gray_rug_decor_0189.jpg,d955c865d2cc54460c76d5f4c95b753d,577817,18Dypw7mdXRGMmjYwtkIkfg1hi9V7D7jq,exact-md5-duplicate
14zQf7hdUU29Yd4ebmfLDAGx9hprFiCi1,159_1787195174581_118.jpg,8884da096de1bdedf14be1f0962b12e0,575817,14n5ip_pVORMTVLYbq8JYwtxNB1d0DwwU,exact-md5-duplicate
1f6moGrZ5WuSBkIEXvZFLe-fGp850A93D,IMG-20260813-WA0073(1).jpg,0bda4046664aa87026bab8fc151bea45,575115,1bR7BN2oBhpcSnAMxJRWLr6Q6_PlUdbHi,exact-md5-duplicate
1Z3mONog-ILHJqhx44jBBwXYuKYDjtVNA,240_1787419561685_243.jpg,58abb4cf2b62491f6cf74c7731097e36,574644,1ACus4FZNnqeTDGKpwy-en1kqXLVaWmtk,exact-md5-duplicate
1vWH2ieOinve3OBM47-0cg1wRorlsZmIQ,grey_rug_decor_0195.jpg,3a39ccedc73b5962e82aabc53029948f,574279,1VV5-VnEJjeFskronwAx7XkQQzOPs3NB7,exact-md5-duplicate
1VG6r0fc1DfBIouMcjXuo90wcTl_hTHWg,black_clock_decor_0061.jpg,8406eb5fbb6b75d2903e369f5bba3a22,572976,1RqdMKlDc1NKwUo9O_Q4wdnISkp4OZX7B,exact-md5-duplicate
1ReCHk83m8OPSSwOvbaovkIX8O8d659XS,3256_1787455837333_3413.jpg,b332a34f9625f37789d6c974617595fb,571430,1JghIj29DQXLCK5yVSDwJ7LIyPfkqmoZg,exact-md5-duplicate
1sFhCKmQ3pQSc0mrWs6ALJ17nF0At0vkQ,decorative_curtain_decor_0101.jpg,2823316c6dbb0314d2e7ea1617643749,571217,1fVRZSQUcO2l0SRq5TveigjHN8eN0a_5R,exact-md5-duplicate
13SM1Fgm_1l9WI9EllDF_e-AHW-nwKayv,4880_1787522351458_5006.jpg,79fd056a2a209c9413c448c5e2e3136d,284693,1dzghqkm-1zkDvjY4tQdUBYhPTpnxDQws,exact-md5-duplicate
1GTRCWxX1TL-i_OQYkdweF_5UFtoCub-B,4938_1787522489559_5064.jpg,79fd056a2a209c9413c448c5e2e3136d,284693,1dzghqkm-1zkDvjY4tQdUBYhPTpnxDQws,exact-md5-duplicate
1d5o_U65IgutYIWyHGDgyF4wkxXk5XmCi,1947_1787515209618_1981.jpg,95d91459c8842e7d10da101ab3a73fb8,567369,1GfpU1OxPGUTYriOSAx8sXXwDF22CWh3R,exact-md5-duplicate
1I2nHU1uGBsZkhd0K6bzP8aUsRcOpubsR,4070_1787520223519_4159.jpg,6adb7337a2730ae4c0135d95ff402b62,563391,1ckNmS65YqGbP7oKrqmQzoGWNl9HMlt7w,exact-md5-duplicate
1ehydnHINnmN-txyNn0LP1mxC65B0WvY7,1846_1787514978648_1878.jpg,5796078f8c949a8fb5d75a5cf13efc4d,562842,1VW-jXelV1fX-J2O9DJzpLgoH0jOo_8zT,exact-md5-duplicate
1q5XQdhDFXj8urTcoUCPVLMYtKE2GeXw-,1170_1787513324686_1187.jpg,be3f513cd501dbd9da06485877c14ea5,280882,1MeUbYHzxJ_j8SRZlj6DitrF3LXf62XFl,exact-md5-duplicate
1uzXRIfFQdsd8pHQNV5ZIQVTlXTcStgEq,1943_1787452810249_2005.jpg,be3f513cd501dbd9da06485877c14ea5,280882,1MeUbYHzxJ_j8SRZlj6DitrF3LXf62XFl,exact-md5-duplicate
1tHKTbBBstB8qzx9v8-Lc2jnuA4ux4WoK,black_clock_decor_0011.jpg,efdb9e615dbc0566efda36a1b0bdb456,558183,1C61yApPuO8mk-Y5ukdRlrKQ1tv0-EpRN,exact-md5-duplicate
1yqADgc8P_jL-Fy1KI-habu8SRoSEJvsU,slate_cushion_decor_0042.jpg,7160c1bc74cffe257d93eadd9e23c29e,557002,1T65_LegV5_jk_PA-GGtSYbqSLCiPGwis,exact-md5-duplicate
1npjqICIhJBZzY01siRuwq2xk-__LeQZl,black_clock_decor_0025.jpg,adeb48e3440b02ab453768c9cd3ea33d,551184,1I-Z8u0rEy8x4D5EAVwBt-XZu97p3ybEs,exact-md5-duplicate
1ryHuxVspnInuV5mtphmWLgTqlnvAV9KC,487_1787498890649_497.jpg,3baa0d65fff013a62ae2d8ef13aad3c0,549585,1Yz4DF37tMgpPHr3T_pJ2pZvTqVW-oUZe,exact-md5-duplicate
1zc_XJR5BJFyXkWgtWQM7bqqzEi70d1hU,stoneware_planter_decor_0032.jpg,200adaa36bd0881a32ae129dcc3145b8,549230,1GLH5AkMsfWwUyjvAnYHQ_ZKqTYfIQ5y9,exact-md5-duplicate
1TVwJteZiZ9UtDE0TFeGphZql849ErPlK,black_wall_decor_decor_0016.jpg,1e0e35f6528970871fa7f371f6879b2d,547718,1LLWE8vfH9ja3B7XNL0OALlyQL68Tt309,exact-md5-duplicate
1jwZLnabd4VjC7kv-i-dkBJ_tR1ZGZUyx,black_planter_decor_0015.jpg,dd4a7e63805e7959b2bf65b587c669c0,547321,1O7fBSMGxi-O_CNNGepZA-878ysiDs95y,exact-md5-duplicate
1g6fvDGCb8q24NVSZyQj4sSPSabC5utVL,stone_planter_decor_0039.jpg,81fa6c62e9dcdfdcd29e50025c7c88f6,546769,1eEaVib6eP9IzbTNul1qKyc9EFzcO4qAc,exact-md5-duplicate
1RjH8TSy53QDOG7Z6plPWkyXxBZzBxwY6,IMG_0606(1).HEIC,cfbb86bd4ca1340e17089ed8ea05d585,545025,1PicXxNW6Fz0Q4vwAwvIFk4m1PiOMfmE6,exact-md5-duplicate
1tOilKceCPJapVJAYtgCGCjz9b90eWYJb,linen_basket_decor_0005.jpg,7a20bb916b0ad85a4e1ee6482ca7982d,544777,1M14_Ze37_0uc8y9DsdnJVSCx5PmbqFJ5,exact-md5-duplicate
1f8D1jw5C5SxhKF9BHq6PjEHaQyMQr7xg,black_clock_decor_0027.jpg,29d9311e41d5e00377b031bc521d08cd,544204,1KXcT75KkaOMLDeYoMal6eIq6MmsSI90H,exact-md5-duplicate
1Ubcqv-E4gWjINsK-oxIC61YN8xxsCqhk,natural_basket_decor_0002.jpg,2f09b8da1fe944439953400608ad2544,543107,13Y09Rt5EdBwDc7Ma2DBfBfta7-_rD8v2,exact-md5-duplicate
1WjGyQp2wI283EOHqz9JTyD4ayHlW9i_1,brown_basket_decor_0011.jpg,24a413e3050db4e5ab3fb809adf25cd0,542666,18j9uyFhYbwnSBW6_GrVumcPQ_Jfkucu0,exact-md5-duplicate
1lWP4e316voFJo0WFWpq3CBmQoOwjDsjQ,328_1787414589662_331.jpg,8d937c6fabe92f3632aeafcfc1798016,542606,1UF0x2Veu8_bVoB3rajjvbHJnjKWS16Ft,exact-md5-duplicate
1z9AF_np-JCwiaMwBhf1b6I2ccfdggfq6,bej_curtain_decor_0055.jpg,8e1254bed8710526fa9b23d2bb163635,542210,1gVsydxo2iB-bIHis7qV_VqZcVogQYk6I,exact-md5-duplicate
1zv7_6_movAQAM0YKgPIw7WEjgPiyyuIh,IMG-20260813-WA0266.jpg,328428eb014de7331c66d39a122fc4bf,541999,1cyXO0WU6CAntiAQGwJse_Ynq_r-UmXK0,exact-md5-duplicate
1zQvD52xG8DLoQGKgMgB2STeuVFq033Lj,decorative_clock_decor_0038.jpg,9cb95745bcf4e24f9a1bfc29dccbdede,541827,1d8o6HEZwqhpN8KfK1Ku1FIBVV9FFyIBk,exact-md5-duplicate
1gicrFivPja5jxA-OBGciXIRBUjsqNjKJ,decorative_basket_decor_0013.jpg,a89d94b12f19c294654d84e3f5582fc7,541459,1JuCeILU9UWpWiSwDbwpOPKQ1_c86wGdq,exact-md5-duplicate
1S1XYocQY1E_IheQrGvNK7RtLHSJPOK0S,grey_rug_decor_0089.jpg,30cbead8e328d7d8c17aed9386ff29a0,540611,170AFruSYd3BfW6AoBSAPjl5-5jv1ZxQd,exact-md5-duplicate
1fFf_yz09vkh25CkIrYJ8RV-v_Ak9Jlfn,IMG_0607(1).HEIC,3e940a8eae68f2852993896c3f86a6ab,540449,1PJBgznUnqki4oRzwYeH_yCSspdstn9OY,exact-md5-duplicate
1uvOxrMlq0FW0AmP2cqAbF_zOFwT0EXNW,ivory_cushion_decor_0006.jpg,77e4d57d6d47e7ab414299ee7bb73d61,539777,1GYm0JyN4Jtdmz9eSOKEEnijzyJwCuxnn,exact-md5-duplicate
1pJBHl-SRYXjKFwvBNY0k3MQXKQQPTmTv,light_rug_decor_0155.jpg,02784b53dba536d99416be5a9fa2ddac,538130,16hduHRn1tCoDQHVGHlpFdiNtVlvVJzCm,exact-md5-duplicate
1nNp0x0_A1zxtXKiDzU9VZSSYYe5RO86U,parchment_cushion_decor_0020.jpg,368b2f17bdb37117e93d8bb8dbf312fb,537165,1jOhqyf-jnhTdl6GOH9ip_Rc7PxCiz8-2,exact-md5-duplicate
1N6GM-r_oZJJyMmZFFre0URijbbwO83Ln,IMG-20260813-WA0267(1).jpg,54cece1446c67e2aa159a4a9b9700636,534960,1IxQMrBZ1QnJH2Euq0NCCobmpHzOeHA_I,exact-md5-duplicate
1zf2THnWtlufrVYFinLjT6ToMDRjnrgOi,white_picture_frame_decor_0043.jpg,00284214d32f0ce12340311e7d6983c1,532789,13Iopcd756A1bd1QFV-f363fuKgO7lUsv,exact-md5-duplicate
1eqstqs_Xx_Wg1Ku0lYEx5ze18H91bRD1,indigo_planter_decor_0036.jpg,c270efe4ea5f127ea65d8d1e7b129168,531914,1HhdJm0fDPUXwSGgp7rZSwx62STzJtwLr,exact-md5-duplicate
1IDY_loqE7joh2t-9iKdez368T5DoxZRg,oatmeal_rug_decor_0125.jpg,5faa41ad36e25ec291218c0d7c0dd4fc,531192,1G9F8C3RsZSuBLFBHEGHTcOdMqh2NLi7l,exact-md5-duplicate
1zO6smxQmLb_Uz7BVwlgG3qbT9A1Pgzah,black_clock_decor_0024.jpg,cde26cf64e948561beebe768c9f46b5d,525984,183SvWRGKi3Xy0NUeMcS_bLcVXZTHctwr,exact-md5-duplicate
1VHhtpupWCD_qzoAGRfgl7xQPzlGEh5WT,blush_cushion_decor_0053.jpg,bb322f0d20edd312d1880c6efd1ebb3b,525690,19n03MwwSVsuePpYlMxNjoFpqWzRSXq_P,exact-md5-duplicate
1RGUDFx75Mm5bfhBGcDN19V4pjd2kCLdI,charcoal_rug_decor_0182.jpg,3dd64409c52015711a38b9ccadb7591a,524796,13MaGFVpLA_MzmG9tVaNXX5WrDPAAJQQX,exact-md5-duplicate
1NPDjRyclvpGMbaJuNFAtN3Dba4Z1s2bf,cream_vase_decor_0013.jpg,0dd468e7e8df77ba492cab903c8e9fb6,523139,14eFIUEkZji7HP_cODzaAfqjUVA__9T1b,exact-md5-duplicate
1a-wRnK4_XYYarPD6eVgntOCqa0Tf7h52,dark_planter_decor_0068.jpg,f054bca4a3e8d057ed00540168e96ab6,522258,1Z9Up7jatmPD0UlIPDSKRXC96fzrSVsbq,exact-md5-duplicate
1v8Ieny5rk1eht_ospTRBoeaMEI6ph_Zc,nautical_cushion_decor_0069.jpg,58b9f90fc58db41b16516408c48daa28,521719,1jGYqKggtTkyd9eEh8olJSnElpIhOcylS,exact-md5-duplicate
1xYAbxR6v8pq8N8tF2ceZ022f7hL_awda,black_cushion_decor_0005.jpg,3cfae3cadca5c4bdd71a3941b8592edb,521155,1IZjsIHZplkLO2QkLE6wYY_4ammOgNpcs,exact-md5-duplicate
1l--pVumvHaHtCsm-zqhXsTMkeC_BQDK9,multi_candle_holder_decor_0014.jpg,8d2ec626c4da10a75c7715b454b58253,519677,1OrvasMIGQ4bCBx-wrjkAaKXHi1L9l9vE,exact-md5-duplicate
1iwTDjKxswbCo6LlCFgKZjGSPJpObW2Ac,black_cushion_decor_0050.jpg,707adab3d20505763afa84031520538f,519369,1FvX-d9RZtmfuA1VdMVRcTQy8pXTmEzWx,exact-md5-duplicate
1rQI8wjjuHFdLDoA0RXATXF8rcSvW8vZP,glass_mirror_decor_0020.jpg,0d2714fb20bc732d08b5a98460596881,518453,18k4KfdoxLcjwMFQbKGFWhiqJl7QvO_H6,exact-md5-duplicate
1nO0huM6M5lFHw1myf_UPlZICeEvIEgxB,black_clock_decor_0017.jpg,a8abe1eb6858d4cedafffe29ed669f97,518202,18o9dI2NaCG8B_C0jRizZ1spVqw_yNMg3,exact-md5-duplicate
1VnNyfFJn16KSq8dYH4hjqFLualvLPZSe,1628_1787514450561_1656.jpg,9ef31584b9c22cde39a585de1832052e,518136,11pem5SSMD6vf91c6-qkC-K3c96OeTH7N,exact-md5-duplicate
1yVU_uQO7ITGV5W14lLGcYu6rgd_P39D8,beige_rug_decor_0161.jpg,a15292ed1e4c6bf312edb05acf221cca,514995,1drU__1eUGc4Tna-sEcXvN8AxeLbvSHHO,exact-md5-duplicate
1d6DY3J829kmUrzKr6HshImug7GjCNUPN,white_planter_decor_0071.jpg,31d34f77d89aeb12f2c46f75e155e12f,513767,1BCLV0Mo2ii-YG--5OIwPmoGINMsZ_Gpg,exact-md5-duplicate
1ehs3h3hWYQWNAo9ne64_KF2NednOk8zR,cream_rug_decor_0175.jpg,db94a9c34eff8f94246d234e6a8bc6d9,512494,1C4XEH5yo-EC4ley4hPo3gwWF_XsydJQK,exact-md5-duplicate
1rDuofp43SJZgDWuCEeYXMN5kLF3LhySR,indigo_cushion_decor_0080.jpg,0b150151113d112cd7c23e4af2a4662e,512087,14-iSjvrqh262AnainpVNAxpyARkNWUyM,exact-md5-duplicate
1Vzd_4z1ZR0iySaba2BnpbUWtyC7yH9TR,IMG-20260813-WA0072(1).jpg,5935b5ab8b52836df8917c2aeb22dbb4,507807,1SJwmnH9Wy3toEfESVUlg9M9IwYJMMo4N,exact-md5-duplicate
1WPWJrKNiTy-Zo5fsiPLmvm9G0J_LUYB4,natural_rug_decor_0118.jpg,0ef5e89f440c9bc7939a5e74ddaebfa3,507492,1RybUe0qRreZ75PdQLsiEAnrXG7mbhVNU,exact-md5-duplicate
1yRcSnB3aFrglwSKDhnZGzr4uqQUUEpac,IMG-20260813-WA0064.jpg,838f05c62818a704af862692ef1eface,506200,1TiNbn4_s4fRZ7eRAynTXRF1zReZ_8lND,exact-md5-duplicate
1N3w3LvsIB7MnlwRqj6FLFNP03o2eArsI,IMG_0610.HEIC,f527e818bd979af0196885b81a4bfed7,503608,17e8ItAgQ62NsZX6c5tboA3LMDL2Hcqk6,exact-md5-duplicate
1vSPJZ5M7nm8EQI-9HMd7AFX7p3vdFLFO,black_planter_decor_0058.jpg,c017ab7d465f06e4a80865c574ada002,502516,1paiJBQe9Covon7NVlRuR6BYQp9tirHS_,exact-md5-duplicate
1R7TeoOpq3hi01UwGjMdizcoLdpDk04IP,4730_1787521959524_4846.jpg,aa0ae208d52174f4c8a0de3a02502db3,502340,1BSNbx9HR0GUagnyWSW2ejJxgcOWBqLKG,exact-md5-duplicate
1OdLoIL9L_XZuF0mQjN6eUn8XDnyDiQtB,aquamarine_rug_decor_0016.jpg,7ceb38c3f75895c779eec4b54fe61c70,500779,17tqp9jaVLIIuTBXLe-cryZE8QuFqxFSz,exact-md5-duplicate
1rbd8muMPHE8ye3CBlxVsMmHYrzFkzkMY,synthetic_picture_frame_decor_0021.jpg,4078cabce7fa5b063d37dc2c474540c8,500164,1XPkx7UK-ScIqa0OiBp9uRzk9S2Rc9p-8,exact-md5-duplicate
1WT-L5o_nUMnYRPPaMYbMhWkPYVwnTb5s,citron_rug_decor_0087.jpg,4f56ec44e90d4e3944f8268efa42ffe7,497097,1PS0oaIpMOrr69iVXlhekmYzz4NZ_BRbH,exact-md5-duplicate
1aLQqGuRJb9YGHI39oq5j9xvEh08f48W5,1908_1787198380666_1435.jpg,bf2b8ff5eed21255e0142049d9462c30,496966,15b8TtGYhu7yPY--cX6xzsHsJf1Nom87f,exact-md5-duplicate
1pqUJHZcD-2kvg0U_mD0VWAxBC_qkmREd,dark_vase_decor_0003.jpg,abf994ea95da332065d4c3ceb6c1a9dc,496325,1CRDEzEj4vT--fw7KhLVOmSn4kwio8WnS,exact-md5-duplicate
1ikrJeogbwS0srLkc2ykTq1fqbmNr-KZl,decorative_candle_holder_decor_0010.jpg,5c33eed42385182c3a04f5594ee2694b,496281,1SG54cIhABaTdRZ26wf6Zltk43VlD6rgg,exact-md5-duplicate
1c3t2-zavkcSVXqOE9uRCq79ZQqJDzjug,IMG-20260813-WA0059.jpg,a7304fec8829612b807aa21be004d696,495553,1Gb5f8HhUQG9Zp6I8EcShCoNsrakzTeyA,exact-md5-duplicate
1jfnJv3s9-tG80OmYyQ_-MgGJ5tMrKB_H,white_curtain_decor_0078.jpg,6b2e6e8ad9bba4ae0db5fb5b4dd19aa9,493668,1efkwsk5ytFxu12xUqoSAj8SfL2ZxIKJi,exact-md5-duplicate
1vqib1nktAPuDTpLRM1kmsf5gmk56DicZ,decorative_rug_decor_0105.jpg,32a2ad5fcaa2d36afeb855abf911a75a,493416,1HCCnrXALVBIZ1nlsVHw1FkkhbJdJYHMd,exact-md5-duplicate
1Ng3DWDmWoO3V1hGrzZlf3G4ghGwWHJh3,biege_basket_decor_0010.jpg,5fd1378a0bba1fc0b4c7bfb29aab8490,491420,1H0xA-1slaFFq8wqEdgcYN4v8acwl_jy1,exact-md5-duplicate
19XmcY0sZMHApXLR5cC4eHBVUoHejNvj_,grey_planter_decor_0070.jpg,43371b0412f5f51b792104e6d0cca25a,491092,11yIQmtmb5XqtyeWhQ0JAn8nHhD6W9qhs,exact-md5-duplicate
1kf0zp6F2jOeVLTqXJ5gJ6cSa4MYZy9sY,light_cushion_decor_0012.jpg,0ff79347e3efc9a08778fc901efd56b1,490816,1c-F8lrjzAKeACF49Pbf8znfkqpdGUaMX,exact-md5-duplicate
1IDGUzPHgE6Icz4gIxKK63RqYe18Ncn_s,1267_1787197205683_978.jpg,a7bc730afa5530a67937563ea03e3c21,245397,1HHXmUj5CsSrP7oX9uryLY48hu_y8cYQ8,exact-md5-duplicate
1cRvEhDpkPb_P8SJC1gsmxmcHWE5UbEaN,1847_1787417765784_1915.jpg,a7bc730afa5530a67937563ea03e3c21,245397,1HHXmUj5CsSrP7oX9uryLY48hu_y8cYQ8,exact-md5-duplicate
1yjgpxJueKLLfqTtPMO8R547H3cx2AWNB,silver_rug_decor_0146.jpg,06698d357facfb30a913a6bed835b461,488681,1F0AF3t4t_lL9o55T9q7pinF1m7CskXMo,exact-md5-duplicate
1cLK53qBhxA6PezU7eEM14-Wci7MVj9eU,grey_planter_decor_0081.jpg,140c0b188c942d9527dc3a51a24a913b,485506,1Mxc-MOjpDUnA7_rWv2XuzitxCm-hCN9a,exact-md5-duplicate
1zG-YIwMzLzN1Rwv9Lh6Lunw-FbUSciQr,decorative_curtain_decor_0027.jpg,128f88e029c751f344e9a15c4a171c78,482915,1fARHmc50ZQwO_1n9SIsVr9IKO-B7ocBL,exact-md5-duplicate
1PTqz5trjK4554_-uR8DRZT1HydS9Bh37,black_clock_decor_0040.jpg,1d41e06af0036dc0c2afd5d196a02aee,481325,1CG5O8dzpeoDbo2gBMLgdKqwqxOYQC7mH,exact-md5-duplicate
1gzDbKjcB3LP2OuBd1YhIkS7eaYgOLvNu,vanilla_cushion_decor_0007.jpg,dc8ef0be42dbd7c47ec7f4e7aa304d31,477345,15yzUGPFj8JT8kIE6s7AT8jQq4avtjta4,exact-md5-duplicate
1ysf_aQf9WZ4_Ax9kpza88TvHwSWp2P9X,1088_1787500417606_1128.jpg,d5b8ef6c898f21b881a1b29f9b3e5288,477099,1CaHQilpLNhSWgrIVxnyp_y_PaRTAfGvb,exact-md5-duplicate
1zaYVqQti3x9i-lKza7XgB3mWNTVFmgrn,1471_1787416821884_1493.jpg,961725d7787de3f41fe779ce3e7b23cf,475892,1an9OM0MBwKXt4Yx1xsgOJ2_6-WSqHOq4,exact-md5-duplicate
1dnhfFoyXiXapddtxZUehYlxO6Hpfd0Mu,blue_rug_decor_0052.jpg,7a2c9c7ab03cb842fc84c5a8076144d0,472701,1DX7v-62Uwd0DqQeWLMi1q-Cs-1wksIQf,exact-md5-duplicate
1YvWbW5FfVMKW8Uc_lqzEYFovYyg5pCRH,black_clock_decor_0048.jpg,b3c471617331be7c5cc02ea6e5cdfd88,472251,1MlcszifLD4jkaZPrPTqAqN4wSE-Anf33,exact-md5-duplicate
1GP4GLwXJI-hMq6OB_Xg7TuSdMI9im3Xk,red_curtain_decor_0069.jpg,21ed1ee503bfb2eb7ae5f944ce41407d,470310,1-zHbdXlMOjY6_o9aQTR_-LSkBa7WnhFi,exact-md5-duplicate
1XsvBv19ye1JjIpMMTUZ6P6enn2qh2Lsj,badlands_cushion_decor_0027.jpg,dfc0e682c7b7030b3abc9f9930dd31a4,469716,13LgPAZcsqHb73JP2Y4C2UnESSrX4Z6dU,exact-md5-duplicate
19niMdSt5p4fVGo8cEScZiJ7VhKVpl_o-,multicolor_wall_decor_decor_0010.jpg,cf392e81527c93a90cf5226dcea222b0,469512,13ePy0xvMatRzdO3uj7cqcAbWytjsjLF7,exact-md5-duplicate
1vWBwp6931rxL8201Rdqlsq_K0VSbcPju,pale_planter_decor_0072.jpg,be18e39bbc5d686ae742bebfe3dd4618,468570,1RWC3BMylkd6BGtjZAtsRpajoCFBsCmy5,exact-md5-duplicate
1E1c9EpdM95oBW8Ix-r2VOV4-QJGRuWRC,stoneware_planter_decor_0040.jpg,f980563d52506f610fb69d4c361e1cba,468499,14IHJMvfD7kWyuqqUyZ-QUF7cqqbsqzob,exact-md5-duplicate
1yQrXKCLdVif0TkCnGAOyVVfxdlPM-gLN,black_clock_decor_0014.jpg,7353a32656c28e6d335862e276ac1bce,466048,1p8IIqzF4DrLTUswwWPE52uoqPvSSDO5S,exact-md5-duplicate
1Zj3lPsRNIOLxkGJ9XyNXyWvMJaOa6few,black_clock_decor_0049.jpg,a44dbc3740486543666a885429be8741,463106,13k2OOR8gYKwVEsb6mCTM-SsPBuIn9GSY,exact-md5-duplicate
1nl1D-ONZQGYbQ905bG8lhbdGI9zGdrQ6,multicolor_cushion_decor_0033.jpg,b7b02a3d5cd761a3d7f84c15823f6f13,462821,182QpZG_vMNiwcczhovvfwyHZApvxvadX,exact-md5-duplicate
1gxaRD2sKuxZOTF-FKpiXKLlh1p7GKycK,3390_1787456128231_3552.jpg,69ae4ff7a0337831f61526615f1c5b26,462448,1UqhwpZxNZTeC7NKKa8EZ_69b7OnxH6pe,exact-md5-duplicate
1v6sf0Iy57UI7W4_I-J5s9rzsyj3nJU5J,black_clock_decor_0026.jpg,71cb8758e457eb5f93a3a8a66d9e335a,462353,1cxVfPgtzDVkjZzajGKPxOoxWnEwOT90N,exact-md5-duplicate
1wa-BbkAHWLNFb4b0My-QPJ4SrqCpASgo,blanc_planter_decor_0013.jpg,a2b15bbe4cfbecc4fa7d3e7e752125d0,458998,1AzRBnvy_8xd8WWkBUn6Vz1DT9wIkKNda,exact-md5-duplicate
16kk6glyWqd2xog6sr3TuxvT7r-CWuaRf,black_clock_decor_0022.jpg,09edf52e4d6955e80029aadb7464a3c3,458110,10XOxHvrjKnnUC_ptfRSbPFVHjYKbWAFM,exact-md5-duplicate
1UhbIqxqg9RqiJWBjhTdxjYLnF7WTr99k,decorative_basket_decor_0007.jpg,51cc8b9481e8cd038f2e2b145237b514,457667,133PnNHuXCjEJ1eH3WBvG_lVXNB3eVAy8,exact-md5-duplicate
1agzqxtYt6MtU066uw5BiTrsi06u6Wo4u,719_1787425879015_729.jpg,2b0e6aac10da66ff6fdf1e0a5d381925,457584,1ZZWyayDwk-fgwV7NMTRTq_boTHorlti7,exact-md5-duplicate
1yat9bGNUSgj5_Pagz50-9YfdGj8wbrnH,stoneware_planter_decor_0062.jpg,6677dfbe322fdbea7310dc4bff805e6e,457546,1usT77PwWG61a5nJDTZWvmJx00gh6-tst,exact-md5-duplicate
1n1P0XGLeMM2P-eJsG4GEcAWkNTBKDNxE,275_1787424886077_284.jpg,63d755d6382c6779c3000cdcbdb1634d,456392,1N1piFx8HWJtjR4ucBxeJwMBW7gmkOKyh,exact-md5-duplicate
16dYURfAsJX-XXE3Yxmxc57ms0J74hcQW,black_picture_frame_decor_0051.jpg,50063d8f35576af3905d8e22898a5c6b,456323,125fOshx6ta-LnMCpMXQYXQH_zjs9TOdk,exact-md5-duplicate
1ds7EBLoH4kB6JVk23L9kLLPFDTV8EVtu,decorative_curtain_decor_0064.jpg,eb23700d4ad54ba8b5e69bc981fad72f,455894,1WmGm76A8L51xzmJvl3x4cyqrPVSGbzzI,exact-md5-duplicate
1T6UXCd9bKqT3GUSlGzTadHzsHmYGVo1d,black_picture_frame_decor_0046.jpg,ce5c48e508aa0ce3167c8e3f712d69a5,452825,1EAJFxLoU2k7ErGmN8Y2CFmHTmvNZafS9,exact-md5-duplicate
1em-iDkrM7cmVxZl6osLAH4rEv-o-ZcbA,glass_mirror_decor_0013.jpg,71b92ab7e9422cb34e6aea15d19c8d68,451704,1EDv1-aGWRP1s1RaO8j-Zi4Y8xM4a2pf9,exact-md5-duplicate
1kqjAT3R5yx6WU7PqTbWFLDW0UlIrChwx,passion_rug_decor_0079.jpg,0805f8a70a1426d923ce7338834f72e2,451690,1A1VI0Q2AFbQIpYzbaSxDWyGSd7YVDBMP,exact-md5-duplicate
1pHtGE8S2_K_mPZcsB5PpwvBAh3KEgYoU,decorative_rug_decor_0144.jpg,cfcc4d9a27468e69187379352528f92b,451276,1POMZWD6KTbjZNWuTE0BeXXifMo2yEVql,exact-md5-duplicate
1fA89RqRDPv58NJEiKppLM6Mhl4YOgIwd,cream_cushion_decor_0016.jpg,8be3b2c70aae09d5ae76788bf95a7224,450474,14fOl62eRDF9JEhV3TOQsWlw7ZOmtX4yu,exact-md5-duplicate
1k9jQpq4kJns2sqGO6luKeygEDDGw7hFl,grey_vase_decor_0008.jpg,d451852b3d0b5a773ad417191638d6bb,448263,1UmUkAavZoKgnb0f5MxOS0mz5QGfdQTpK,exact-md5-duplicate
1o-WjQD0I2JPUqbRJ9TgDo6X3mWojbrTR,376_1787498636588_386.webp,ac38a7085c0aafccffdf1774a2cf3e8c,447820,12W6PlNZdpFOCmjdtjW0K9TEW6Kjm8VE2,exact-md5-duplicate
1nG7kQYNdvdEzSzcGcCTHCqhI0TjZHuQz,stoneware_planter_decor_0031.jpg,2e1cbb0070720e71d41d2f2e8c584bab,446216,1DM3c6CZvBqLngTGNjVnhRhWM6VA0oXNi,exact-md5-duplicate
1k6iFglZ3zLrhcbgEV-HNNNQOQUL-fg85,151_1787419370583_153.jpg,171373aacef20c551552843f17632600,445666,17uwvyvmYTqfXZoUL8y4xkdzwa_yQtcin,exact-md5-duplicate
1HHnOxO-30zINrFUY-nBwWuJFMBPTN44G,130_1787409230599_133.jpg,9cb326bb803af197c5056c8da3706593,445521,19pRxK1SZxFR_4M6ylY3j1DwyT-hN6xbP,exact-md5-duplicate
1_7yBPbmPSiso55fr0LU69yQjho2uepwi,espresso_picture_frame_decor_0005.jpg,2ab23399132bde8cbe7d050613da8590,443735,12k18BKh5rPTHEC5kC71yOehaq4VNuPnO,exact-md5-duplicate
1OAByklRHBe8OUqfDlyKNYoIPktppJzQ8,yellow_storage_box_decor_0017.jpg,0248922f668650457bbf4aaa8d77acea,442681,1L7f13eEFwcIYzqEufWX0oh2AhA7jPHH8,exact-md5-duplicate
1uf7zu2i9cdwD247ZM2q7vBcqCE9XXyea,polystyrene_mirror_decor_0003.jpg,a430433c15cb6952cae2ca0e494818c0,442567,16TtvqVQv93d8a1QGd9Xbpz_IiLlUqKn4,exact-md5-duplicate
1SSbUPHFwrCprExCi2UWCWcDaZnqwI3I6,4420_1787521158490_4522.jpg,12ae9eebc6c871c73e2a46ccc9818147,442517,1WipyLC1OMLiCkpS1EGk_gPKCUs1cdVxe,exact-md5-duplicate
1zS52ZiDo59EZycyBkVmgkPv1sbNk8SO5,dark_planter_decor_0069.jpg,94b412636b62f5b7cb89415f70d78a42,441876,1RdsBOFCtvbAAw7oqKUvRPybivDFFKaBV,exact-md5-duplicate
1kEd1FjQn5G-7dCmwwXYDtPKAV5VnoY2y,ivory_cushion_decor_0039.jpg,1c0ad7edb4bcd324f3c8f1882102aab8,440386,1FG4_da5klSY4Nd7cDuvNANx6nVRZlriw,exact-md5-duplicate
1OgSRfMe8z1aOjQHM9s11GisCDGAjxoo5,pink_storage_box_decor_0227 (1).jpg,d6af83764fca7bce4a05e7160a6f8f89,220186,16SMICuo3Iob0-5WX458-7DF-MVSBFAE2,exact-md5-duplicate
1ruTPxLm55YdtbmXugK1dQCuAdhupfJfZ,pink_storage_box_decor_0227.jpg,d6af83764fca7bce4a05e7160a6f8f89,220186,16SMICuo3Iob0-5WX458-7DF-MVSBFAE2,exact-md5-duplicate
1anvZ5OWFuXPAH7426yjn0e2YbIXnn5NS,stone_rug_decor_0129.jpg,4a3189ad76c2cb6272197e16538c6674,439916,12IIl4u3G6puHSdVN8eVGwhfq2mSCuNoD,exact-md5-duplicate
1s350F_5CwviVRARwbw9cePybZWD2gVln,IMG-20260813-WA0058(1).jpg,15d5193a29ab01ea273643c2b38ffe6e,439675,16YoRAF6fg3V4fkjtrSWFcxCIyJsUe0pJ,exact-md5-duplicate
1xp5dTCmzDojmgY8FGeT8JDfyhw7fBV8_,stone_rug_decor_0185.jpg,c2c9e7df1b9071f973dd4edf380cb7d7,439368,1ALRZA6VHusyrEmLI9_OQXArLtFfq0pTj,exact-md5-duplicate
103lYNU3cMPGdjK9G7s2ZAQdt2syVls-o,768_1787512440606_779.jpg,d2e856fa5560eea25c38ebed88bda0ba,438878,1-nxfQYmcdV72cbAbxXoXD-K1cKw-dYOq,exact-md5-duplicate
1oG6ZauiKSykxk8Pxm3ROsowu-m66p7la,decorative_curtain_decor_0024.jpg,f1dba1d8eb7e34d1bbf508fda7b0eeee,438063,1ic19tt7y3_exTq4kD1GVJFO0RYqXkgDd,exact-md5-duplicate
1pQ1C7f_YttiQVjGaoF2TKne8RaNPdSjI,beige_rug_decor_0179.jpg,19a9b2ef05e5ddd8b22c73865d38198d,435490,1KrIgU-Egp63Lg73aKa8gfkPcX0gXLJIP,exact-md5-duplicate
1v_5m0wdvXwpYDooehS2HQ2Z-KNJ0YeeU,1878_1787515054590_1911.jpg,dd098cdc83cdce529f32e5a4c0b1c023,433890,1OgXtmQ2E2DP1PuDwFdhpVYZ2iR9qI9UO,exact-md5-duplicate
1LrQw76XZGuaCq9vfnCD8fmEmQ9yL0Z6c,black_clock_decor_0020.jpg,8179bb78568e8e88cf9f1e056b0306d4,433138,1Bm8ou4jpEMshfUGiE4QyC2oQ_A9p-Xat,exact-md5-duplicate
1djEwM_3Xi5cDoELnDlAqcu6YZpWT-YVJ,zilver_curtain_decor_0048.jpg,76fd0d30d1ba72eff2f4255db0356f26,432743,11AHT-qLmDo4vnU_1V9ak8AfGUZcdEHmL,exact-md5-duplicate
1seSlsSMR5cnfx9K75q1Db-U_gXP8ao7F,1848_1787417766622_1916.jpg,cf5c2dcd5cf7ceaf3950de2d8d612930,432616,1Aq26KbzOAIZR3Wqm3xLyIFtT-5LiIGf1,exact-md5-duplicate
1ODpSnj_ue-hf9lrjDWYFTb5aFiOkhUa2,white_planter_decor_0055.jpg,d511bd8d382e72cb57a0cc0d24cd9c17,429797,11GgTWLoo9zvMioT3XNBq_UArP2jHvgUp,exact-md5-duplicate
1XsDFtOIrdi3U4XK7eX1p3txeKqvDx4x7,grey_planter_decor_0051.jpg,8225a091f695de9a491694b0e20d4702,425391,1IJD_mEq0RGsXtctX7bX2ADfI7p1VcV2R,exact-md5-duplicate
1uG9sGO0t2jq0QWquMqm3Pu7Q65jKkXEY,white_clock_decor_0009.jpg,72340da58b49655e17a94852371225d3,425018,1_KNDFVDP1_DDGXvGai5h0RSYTEKyNnBO,exact-md5-duplicate
1x4J2YQXgcnsuZotl_XW3A_oCbb8WbNqy,IMG-20260813-WA0055(1).jpg,db55e82fd783aac15aa333a74e424d1e,424724,1cKuT4IoXkPraNCJH4l-14dFM7HLQ4ZdJ,exact-md5-duplicate
1bvy08885HY2uRJcX_YVAyzoUroF4ijsl,brick_planter_decor_0050.jpg,2e4159fd976ff34ba8a9b8a2ccf1a603,423966,19rke3A4to38Ll-hrOoT5CYkkj7Ghl8Wz,exact-md5-duplicate
1J-9VHEU867ZU0ZR4GQTyoCf7De0DxRNp,dark_mirror_decor_0015.jpg,529c050f2fe3bde30e3e5a7d83141d25,421510,1Bu_fUltxSv9lg-n4fc2K_M8XBDf3GgbF,exact-md5-duplicate
1qAxPLKzJRUCi9n6UM93RpSyveFTpxp_F,beige_rug_decor_0067.jpg,6847f9209ca6c6d6d1f25a50f4f4f13f,419251,1p3A7lueoLgTTRtvSOIqvzCFYrhvlGyus,exact-md5-duplicate
1_IgznWAsklLhfZ1ZEew05t6CYdYRMpGD,1795_1787417658664_1860.jpg,af46b386d8dd543a4c73b47f35ab9c34,416556,13Q6xeLtNCk4WralixMD64jZ7Gpt8_5n8,exact-md5-duplicate
1tboTgdWuyUdbbZ2hu2u-KaOKu4tQ2A9z,dark_vase_decor_0012.jpg,c795dfc745a92a421f1962ac89f8d517,416216,1EL7jyOW98FAMKXPF6-JS0SHorM5xL-fA,exact-md5-duplicate
1vpV_FuAjgc6QiFTUypkfSG-echkgToTO,bronze_vase_decor_0021.jpg,03ae57381ca4358df04026b8021fe5a6,414416,1gdvtW8s-yIdOq1PRk9ys51W42lXZuLuz,exact-md5-duplicate
12lQA4wJXnIbBBPNKkvgKMsElvNUIZw3R,others_wall_decor_decor_0018.jpg,8a839d0009c44e0ed68776b285f8b5bb,414079,105Kb5xQDz0bME2mt5IyaXVUkrMVgbc-Y,exact-md5-duplicate
1eJl1fo-sLp8vEExb42bn5KhXMjkM0B24,others_wall_decor_decor_0001.jpg,00995e1c77a0dc1e6900609923890b3d,412493,18HAEARLYtCoTIr-jO8RnF6yjtYci-ykl,exact-md5-duplicate
1Zx9f0XgWVARSefL0KG3g-CZ3dIbkvMQD,black_picture_frame_decor_0008.jpg,ec8765bd1af0577aca91131e0ca3a7f9,411530,10_QS1EqPujyMKQRJsOOxjMuj17To0_cE,exact-md5-duplicate
1u7WmJMYpmav4b3uS2Eo8UVDPPG7WQBVr,schuurhout_picture_frame_decor_0049.jpg,be51d9067047f596ab43da92da6042f0,410897,1OV11CtLF4Rg4R9S9N-zcrOmuAAsFgb7v,exact-md5-duplicate
1ojQ8drZACDOKCHkkVG59HmO-1J2FiGQG,decorative_storage_box_decor_0050.jpg,623d9a75781467ad9fb00d428e34020c,410055,1mOjfNp4CtP-n5-Kwcn3k2S2AK7iCtomx,exact-md5-duplicate
1wYRXPc375H_NwNMxNB15WDvtHnZzn0CF,242_1787414392622_245.jpg,5c7db1f8dd050db26066e560abccb91c,404262,1Zl3j1nYTVx-a1xwtfUaFh7Pjjp7Q_nHb,exact-md5-duplicate
1oXM2ARPDUy2_khU8h4vVbrfAXhPZ-9dN,black_clock_decor_0003.jpg,72408b9e0b187bd1f953e1dac898a347,401447,159xlvel3gDEeD039surioCvxwNe0epCK,exact-md5-duplicate
1p9mPicf-pOQnlGr-SVLXlG0vx7PzCmiB,teal_rug_decor_0100.jpg,67826ffbf716126b5c8cf2077f7bfa06,400798,1WstnFiOjq7bnbqmib-LXzwpmyheh7lrV,exact-md5-duplicate
1iEJ8ecnajsaC7Asyadaq2t93TArMicMn,brown_wall_decor_decor_0004.jpg,896cf8e5629c3293d4cd8a118036d44b,399870,13tsODtVNxMvXEbDDPkEtqh_uxSEG85Dn,exact-md5-duplicate
1yzGwyOc3XZRCkC5VfolrIP4kkPdx1QS5,chrome_curtain_decor_0079.jpg,cd7cf2626b35460bc0930992ac5c8c4b,398638,15ui2JbhiswCTU4W0NBAMHYJ3lqmWyc6U,exact-md5-duplicate
1rci_z6tvi9rR_GiFU3wZLAIXgGfi2agP,black_picture_frame_decor_0019.jpg,81c3e2d4591f573cec55ce9e0a53a5e1,398580,1ixH_m_tmd6oCMFauR3EjaE7ELmNZl2MB,exact-md5-duplicate
1v_GKYGZ6GPp4LhlpbsYYlnyUxyqAiYv0,chocolate_curtain_decor_0016.jpg,538ab212f7c7a420480a34616abee8e2,398238,1lKzJIvkeHtwHwmI6DEzklVoyQtzUDufH,exact-md5-duplicate
1twR-apvlWd2DC2pUhUkvHwMGnEDVKoEh,multi_curtain_decor_0034.jpg,465a30bbed8ded4f3f6cc2fd9ed8e012,396411,1jshCGHI0UCzZ7B7jPsQ6DIRhPN25_8Qe,exact-md5-duplicate
1YFjqFvbU62W5fQNK70JpjKazROB60Uio,brick_rug_decor_0111.jpg,1cca6c557bcf43267b10bad682737542,395392,18btYMsxoyNKyue9ofpJdrwocUcrOfbno,exact-md5-duplicate
1eYlE_MYVUu0KtK9yETkatToRv6MO-EtY,wood_bowl_tray_decor_0003.jpg,ba3fab75afe2b89a359efba37073ac1d,395142,13wDGdYYv46wTqEiyS6-rrY96N_0dgqmu,exact-md5-duplicate
1wHTycX8xNGpvq28g0eJxI2WDF9Ue1Ggs,glass_mirror_decor_0001.jpg,7fc0630a593665e8e86a27744a83fb8c,394519,1Bt9PB04FWBwdihL1mj4X254dp8udMufx,exact-md5-duplicate
1yml2EClPYWYhLdLuMTEBN4DLKRU-Hel_,others_wall_decor_decor_0015.jpg,125df11cf9aa00d838e41f6a5d2b755e,394336,1CHtzMerB8UMv4L4U_RDe2qfRsm6UT7aV,exact-md5-duplicate
14FPb3aqiFfh9nsYwUFJSNRV4Gg1HJ3li,4895_1787522387519_5021.jpg,e69e39991589a59d26aaa80ff1e58f23,393909,1fVzAnqHsqAPUNaoB3DEXu000_UGjgBim,exact-md5-duplicate
1hAE5qDUPrGm_z9hrXxlg0pa7dZEVtmUw,ivory_rug_decor_0080.jpg,eab9c084fbbde3dd110627b56524e051,393233,149ypFNx98Jd86Y2P4wPyOFAt7NSD1013,exact-md5-duplicate
1c4LWfUKCdz5Nbg7hSYNRk2TpCoY44hQD,blue_cushion_decor_0084.jpg,af51f90dac504d98dae609a86c1d1ae8,392889,1DvS-yuyMMxRM6uMEZ1RIvh6Iv6ZjGPW_,exact-md5-duplicate
1SotL4ZHGjSyHC5OKhj4nzms-QE4WEbMs,others_wall_decor_decor_0013.jpg,113dcfbd062a74c3f6a292dc61c486ab,392365,1Et-5AgV3XInjmmLwgW6vyEydnEsboIJX,exact-md5-duplicate
1uzYQfR8RRSAdAfOSywxdpHcn-eH8EWB9,ivory_rug_decor_0064.jpg,72df2cd3d18ffc255f32203456112d7b,389710,11CQaM8iTa2TwSkVDqfmNpDJ6hHItJn3u,exact-md5-duplicate
1W6_aMw-T2L8FAZ0LU04UKPjAOxIKflod,decorative_curtain_decor_0088.jpg,c9d529be45998679c120bd106ab807fe,386837,1PYzGxZ4SFXdNF5F9aryG8CgD5bNZZmQm,exact-md5-duplicate
179l2UtjEsZ-q9TzNo04fbsYckzgWMFQc,decorative_planter_decor_0011.jpg,c172782c5c214c61fcaf19d2b65d799c,385251,1633HGNKEIedQqZ_Jjmxh6ILQFr72av56,exact-md5-duplicate
1TLJBivxFJLg4QpUXjHj2e6jWaxXcd0_w,turquoise_curtain_decor_0003.jpg,df2d9da118235db18963b88ddabb14dd,384682,17coKfvHK2DRuhpt3NDV-U8osyDYU-hcC,exact-md5-duplicate
1Q9L8UP66lyX6xKlnFpYxtKF2ZCH7pLdI,wine_cushion_decor_0035.jpg,8e89b2f417570b1be433add90c61a73a,383422,12PaWB8KjTMp_G-go0KHRi4MCOWiYFdL1,exact-md5-duplicate
1tar1y7wx5Etu9-Ey6VWv8EKb5nFI9VLq,steel_rug_decor_0013.jpg,397c07ed81f3dff0b8f878a86fd63223,382645,1oYxfzBmjbkirQckO1QHYDcxBLpiLwYNh,exact-md5-duplicate
1f2mIZy4xBditk5PqYCdN5g34hTNkz-yk,white_planter_decor_0043.jpg,e4395bbeb5f2e3379c3903b46b36fdc2,382188,1MggejDFcZ15B8P9xrMKopcOo19ttOHpU,exact-md5-duplicate
1RRXBJ2-swEM9uLNcDuXTEmUiYTOk4Okp,multi_rug_decor_0003.jpg,41ac410b29bd882a989217cbe6c92579,382179,17A25lL4ajj3mqLiJjl6LGTPjxKsNzWG2,exact-md5-duplicate
1MniH839B_vWoRDRYosLaTNFQ_hml809H,black_clock_decor_0002.jpg,7852567a386415f2391ce81730e2f68b,382120,1HProfiyNyZV-veXUg7biXthC4b4dIHwm,exact-md5-duplicate
1ARGzlvohv7tMFCcCVyGCAjG5VKbnhSIf,blue_rug_decor_0022.jpg,9783147b1c591dc7bef18ddb27028f23,381650,14Ks0dDg2UISj_3SIAAvpY_OnvpFFBek2,exact-md5-duplicate
1yF7oLW3BNNPZJZPrLKpLCHbcJhddzUMj,white_throw_blanket_decor_0011.jpg,d356293e8907db4599bc9018b0e5682a,381413,1mckI1xIKC6ry2FOFgM5jAgUkb6nk4IEH,exact-md5-duplicate
1FK0qBh64V-1cqntk5y7opeqwMjV7DXDO,indigo_planter_decor_0078.jpg,7efee4a66275c2ba2ea94ccaba19c0f8,378376,12K_q-DZraLL6ZRz4GvJ_G2uGQO653qvK,exact-md5-duplicate
1cQe-oF6vnDqOh91wtiN7Nf-s2H2TX2Cz,2515_1787516444572_2557.jpg,f3dba61bd83ae7a5b6667bc29d0c0721,378036,1YfsRjbd-5bv7Myw48MhURxwtm2OLm2fe,exact-md5-duplicate
1_fp6WwtDwg2PGF-qxu8JUhYJU5Hg3kO-,black_clock_decor_0045.jpg,d10bb2fea1412ce9621b7532212ba712,376752,1P8JtumDK3HtrVOM4BTpy-RyrbxWPAwYL,exact-md5-duplicate
1fxufYHg70Xm7ZGWrU5yP1N-84akcrg27,brown_vase_decor_0010.jpg,7f273a7f658fce625d7a73ed1bfa6bcc,375527,1M1b1U1oGIxXJyb4mT2JjHyT30HCn-3vC,exact-md5-duplicate
1uI-sVvwUtITfL0p_yCebVvyHwByIvNSi,glass_mirror_decor_0022.jpg,bfa6b727eaa26336b03a4bcfbc2d20a3,374594,186FSzqdi6eQcgwjOkwjypplprJ5HDQfT,exact-md5-duplicate
1XLUCOeMnNV859R17IBgxs7vp8JQHyyId,others_wall_decor_decor_0005.jpg,083517360c063c299083cc79588cf9bb,372650,1Ayfn_-fb6HO7Afa4iV2khG7--bRgSuRG,exact-md5-duplicate
1c-ODdBIMONDZ2gZmejUhAaiyteDRarPN,black_picture_frame_decor_0038.jpg,a50e489c63e05146394b31eab7cb1acb,372115,1EhEnQRKGLpshO9-dkHthzSoQZHdUSdMM,exact-md5-duplicate
1iOPCZ5nf4jbBPDKL3ZDm3KBvvKRXOCZo,blue_curtain_decor_0044.jpg,61f6d4cde25982ad396bf8fdc7166087,371179,1c0pNHf0FRrZAVv9B1hlsF_n0Mw4ciPup,exact-md5-duplicate
1zFTXFItqmmgFjwR9Y5hGbL2zeybWunnf,1795_1787417656801_1859.jpg,ba0f6b414fb9e15c17c602f42113906c,370449,1n6UoyABmQCK6bRAYjw4RVp_-iGcRWBuY,exact-md5-duplicate
1r2_2huNNP4cQNVOKCvpXaRnh73BxkB-R,nylon_rug_decor_0154.jpg,5c9bdc12ed27ff5796350101f235446b,369362,1OMPnDRBr0MPnK_rh0RoCsGJ0XeXphk-2,exact-md5-duplicate
1bnG43m3IzPsNUWn0EZ1gBMIspc2EL3ha,decorative_storage_box_decor_0059.jpg,3e609fb79144b5ad61c86ab5bd7879cc,368998,114EHwRWQg70p0jr6Q5FF1TfWcKDsrM9e,exact-md5-duplicate
1u1tJqtDHKkhSe0V6NyWFVXN8owWpjbJO,brass_picture_frame_decor_0027.jpg,edd3d854789dc5b3d11bcfbebe6416cc,368488,1ibLCWcBOAzSL1bns89KwDLmNtbl8JpeZ,exact-md5-duplicate
1vfezDPiD1FSIYfRN23cakK4N4h_EWlQF,2265_1787190038768_1517.jpg,9229c0e570039087924df6872f4dbde9,365925,1oaDagaEUJXynvTIHZNonT_93V_RAMpHq,exact-md5-duplicate
1jA7g7FaZpAHCLDexw6Bnce1S-WQwAklO,glass_mirror_decor_0009.jpg,c8fc476f0caa8726549ed15381ba62d3,364701,1Fpwje63VBnzs6Zit2SRaEACQpq3PjHVE,exact-md5-duplicate
1rMTaEo0jKKusaAVzC7cBQahtz3ODcKzT,gull_cushion_decor_0068.jpg,21a48b74d63383ede3aaf417a44d4f4c,364695,1BXb_5M3Sf6RHIkQa0t8ARDqGtsdOQ31J,exact-md5-duplicate
1y01WdxcdZRVuyFZBqgJJ2_71d9fQ7uq_,ivory_rug_decor_0036.jpg,0881d9640d80b484c296c80af270f4e9,364695,1C40w7EHbyv3_woaRh_GYY-B67I1dkven,exact-md5-duplicate
1nvx-USG7SNcQqCfMzxfEo0nCCADKLSaT,multi_curtain_decor_0083.jpg,f3fdb5cfba5a347b0a91357aa3a75056,362713,1ito_L8f0TtPoRWhmLS0sWvPb_r18MW_n,exact-md5-duplicate
1iZ8UywADjfY5YbYouunzjskxfn0HsRrM,4767_1787522057491_4884.jpg,1976758fecee5014aa0b458c869e98dd,362213,1cmQV7kMt3VRnlRPNMiTrAHDYnxRmf1l6,exact-md5-duplicate
1eE3M9rjzq_lxkaFs8-0n7YavX_IKOaYN,dark_vase_decor_0016.jpg,b35c12b385b9b58ac3cad3190683817d,361869,1cpEzHOUpJMitGfuazg--Hgld4jqwqEFg,exact-md5-duplicate
1xS8_8Hitr_GU9wvymBtgc0c7n4g3-eNK,black_clock_decor_0030.jpg,7b23f1202c52cd6caf4b381126b17cba,361214,1kTrxqu50HlfZOHgmCVlFctwMBUYex5Yq,exact-md5-duplicate
1_MJYGKNjNry9TCtpp5PeLtQm7m9FqeqG,black_storage_box_decor_0013.jpg,0d6382182aac4a60e9205d75b9f7d3c0,360726,1PFl3yTtfvMRwg_TgQEPlhoqAtiNc7mYX,exact-md5-duplicate
1VadLEmfcH5KtIlhOuM-GFdSh-C_nhjcC,decorative_curtain_decor_0098.jpg,9d5f9ee2e9637644416ffd3e8f7b0660,358310,149LmWejK3lI76LWxumtoYUpbLHhgixjM,exact-md5-duplicate
15C-WzWGhyem8OKGfV3Ar_Qutme5uoOfQ,blue_curtain_decor_0020.jpg,a85d544bf0f01d78054dd9ba60956ddb,357949,12W7jtJUYf603kgval05CYMXFvuPwvuTy,exact-md5-duplicate
1tDyDyxkg2eslCMh0ei_Ah0ANO8i0CITN,others_wall_decor_decor_0006.jpg,b922817613f70a2bfd30f7f3dad380b6,357842,1EuY5soenuQb7jP8nTZ3FkTafXXjTh8El,exact-md5-duplicate
1zwE7_2OA0FrcK_XGI0PN2A4oWQ1mbfo8,gray_rug_decor_0102.jpg,f04a3f2bb77f1ff089195c4883f0ef23,353214,1wc4JbHFy1sHxaJjt1YY4q_ox-beZfkn_,exact-md5-duplicate
1vsjLcX7CzPmpMIptN47pwRbMwqmNtGhI,4225_1787520640546_4326.jpg,f2940e914a65f696fd106ba8a7f6f213,351901,19rwsv6vSCeurDNN5Mnok-u0sb7SOq50N,exact-md5-duplicate
1x7YoOKKx1O0cpUkhnH7pwiUh0JP76LiJ,1373_1787197430720_1061.jpg,094b1678a30a46c96297366297514e16,351812,1tGlsljiApzQhOLKHhxSti6ySEmnHsO4q,exact-md5-duplicate
1qOsmq4IoT1AuFmN53R-U2-aeJ-MUJPA-,stoneware_planter_decor_0047.jpg,edb26794c44ba18822483f9f86567ea1,351256,1E0rwDOQ6-7ejrYBPLQ-WRowOYqsER5Ei,exact-md5-duplicate
1gFWVrXjuJk0nOqyRDIDLW_JS0t7q8FTg,iron_planter_decor_0018.jpg,2a0790ea7fea2817f627c9253113e770,350786,1IMbSpO5WNwscdzWj_Z0wNEASksC7OwoL,exact-md5-duplicate
1tHV28rrJA_bez6sVXd6cMpbNyoSk3Qeb,ivory_rug_decor_0091.jpg,c7271c99deb38c3294900eb11a3902fc,349248,1qai32E9M26TUgMZ3YdjfIG3TflEjuR7V,exact-md5-duplicate
1h2EAyNwSGIAKtTqLpvnqcDrlG0tlZOLm,874_1787410958648_927.jpg,dacbcca707ac6a8804e9e68bfaac5ba3,349159,11VngmFVKMjKowIQwSMN0Xsep6rpTof5T,exact-md5-duplicate
1igzqZmBRwOe6tuALY_DzyZCEFII_-T49,gold_cushion_decor_0048.jpg,a75612a821f0bdb80ba5a2740711b8a5,347888,10-lOkF5oMe600owhgKHa6c1XZKUYnLxA,exact-md5-duplicate
1y5jaG8KNsg97XYEZouyVVQDDXs6qo63O,black_rug_decor_0196.jpg,0c6dc695c5f9ec0239b759422d53d589,347737,1kVk-soMyEeqnc5E7JY8DhchU8twIoNl5,exact-md5-duplicate
1UdeGu8Rk0og6SSSnGOoMYnQV-VQdee0d,ivory_rug_decor_0083.jpg,f9c7ec01fe0b7886e078b8652726b11c,347079,1ScXKpi4dNTVS-lQ-CVVsD-jqgz7zTZCh,exact-md5-duplicate
13GGaSor5cs9TIPpYzn6Isg_ALNRcRibl,brass_clock_decor_0059.jpg,ef2bc84e865b40147b539a05a8ad1a89,346107,11DiW5jLU3WWPhw132SuIgbRG-km2zs-J,exact-md5-duplicate
1BaFs04ityyKrjK48iGjTcbvn8ayA2xOr,wax_candle_holder_decor_0043.jpg,7db134634323210eed11c9d7b86e5849,344529,19UwGVt_mhts8hCiMPQiKWQGhMEv_ND0s,exact-md5-duplicate
1IHNgdt4WhTgFwFktboksMqFtCn29mzeJ,white_wall_decor_decor_0007.jpg,8ab28a4cd4c1beac0e7a861a778dd89f,344404,1DodgFhgkvCIaAD_5a7RRkj9z96-iaXzn,exact-md5-duplicate
1WZf0Ub18a1sumn9uZh9-DeesWr5g9XoV,decorative_curtain_decor_0062.jpg,b0eeb5499eaf09badf5d56a6e724eb57,343656,1F3pJoMO7_z6xL7Q77xfoBXRVO73Eq5Gn,exact-md5-duplicate
1T_WZM08jbbUFLquwFFFojU_pXuXhDFUp,decorative_bowl_tray_decor_0001.jpg,b5a76bd11bd34b6e1ef0403fa3489925,339647,1GBEP52Jy68zvb1ftluHO1c6o1Yl3NRkf,exact-md5-duplicate
1XlD3jZCJwXVG_kv0EIYkbJsiQL_i1bOC,black_clock_decor_0051.jpg,98af8f0e63f92456cfe9229203ad8b7b,338973,12Nv19IyROxKMzR1BSuX0b51itjAslctq,exact-md5-duplicate
1d0Tp_Wr4cNAwVvcwKIj99Fz9p046EJjs,medical_storage_box_decor_0007.jpg,62da9752ac33d6f32c2022f0106b0006,338643,12F-ZPpaXvLclrOzZxHEyRSsTtX_3eLe0,exact-md5-duplicate
1zZ-nxptEj7wDvy4Zz98cChGl_z_iW5FU,2657_1787516758608_2700.jpg,1febd7f84befbdfa6a09b8b54f9350de,336388,1S5sVkzJstjCFBFrxKXorBjAAUPw9H3Ku,exact-md5-duplicate
1wPbjcYpee47ehLdGFobrUU3_qC5IRQaM,lacivert_curtain_decor_0077.jpg,ad93cc2e38ca31539f0af36f8bc33924,335910,1R55P9oQesrkxJgEGyDX-HL4PR3fYItVA,exact-md5-duplicate
1TJd0ar5eCD9Kn1dGHnZ_9Fjwc7TY_ZgP,zwart_storage_box_decor_0063.jpg,d4a52d040368f44ac8b0f00ec0d5bdab,335697,14aZW9GaYPvMCEo1Vf7lSw-Mb3UeUeM_p,exact-md5-duplicate
1OuTfL56tNcXC0ZyjU2fPGWaOBRSnIt4u,stoneware_vase_decor_0014.jpg,d49da14cf70290bc234c2a5d49c264ff,335198,1FAsfsWc9vk4v8_BQ2CTCheJLb5jtEl9P,exact-md5-duplicate
182wpmjXoa230lwbHK6i74j9sdgny_BHV,decorative_clock_decor_0042.jpg,669124d2f680f8e24494827893c59957,334298,12zdmShy_-IegrvnsLJql9_ZlTCG8e7F4,exact-md5-duplicate
1FHt9nqDVIjaqFagm3EILY5qD5X8Bu8AO,decorative_planter_decor_0067.jpg,1a91e8a30d7c7322d60c981ba2df95b5,334276,1EMuZD2tos0v8GLbjOZ-g2InDXrjn3ONW,exact-md5-duplicate
1zoNwed3kNBD_7iaW76DDxfmaa89KSkAS,black_picture_frame_decor_0013.jpg,ea8d4217291c410769a3a636d3e9b85a,332900,166gV6veyYfaHwybUZCPuGz2EvZeOJEa_,exact-md5-duplicate
1p3gtuXxeWphRjBPci46RiMPfVt_RvLcA,stone_rug_decor_0174.jpg,a29fcc114e35ffefb51baad67ce189c2,331219,1oX9eXB5VZVB2azUpgyQyTwWRsM8mY_j8,exact-md5-duplicate
1odZ0LnJDBBwH51UO4nPJPllEP3a0xK56,4724_1787521946507_4840.jpg,33ef62e5d738137685407ecbff363c27,331113,1GW_2l36serwi_r2Vq6ez6LzzMhcWraCO,exact-md5-duplicate
1PdtFz-2j0kKVIEQ5tWEIzqHkGvn3eDvF,pink_planter_decor_0048.jpg,14c0fa423f1a86ff44eaad11aad995a1,330478,11hS1nrjaivV95WuxRCmgiizhL7k83aoV,exact-md5-duplicate
1o7RABWBswh1T1TciJ5iU12eUXhUxSAhw,medical_storage_box_decor_0026.jpg,21bd2d4c6b92facd18e659fa61d0a492,329550,1E-dUWfofXuf87yj_Lb0xy_d0afi5PlYm,exact-md5-duplicate
1ZL2LKecBQCU05uapp71rU8Pb2CWbdnBt,multicolor_wall_decor_decor_0011.jpg,9da5aa8b39a9c44472dc9bfe9c0141e6,327334,1W2f8gIeCodgMj5zDy2MOtX9SL_5-QeVD,exact-md5-duplicate
1oh7yI0nYlKUgWNEYN2bUYVTXXgNsZuex,arabesque_planter_decor_0022.jpg,66622d5c08622065fa4a122fb9b7c78f,326947,1cP2CGYVXWWLLdxodgRAVr4KHedIzZ7JW,exact-md5-duplicate
1HlWmOPUgujUHI6vYL-lpHoPtr1hYNnGY,chambray_planter_decor_0027.jpg,127bef7c07a484745c1cb0db3c3e0457,326800,16O19VcWmnL05YEe8kYvg9g2RTucjQA0t,exact-md5-duplicate
1DnKWPFwIHtQpFGANtJ6Z3L8TBxcxVD4W,biege_basket_decor_0001.jpg,8bd6acd77e6e7ae7484d2c4b3a21d044,325544,11s0EwQ5i0nAS2CdP9dfHUmbEMWYvEN5d,exact-md5-duplicate
1mgxD_etyB_gg5O1aqDrvyZP3QlHzPaKt,decorative_clock_decor_0055.jpg,890a7a2641578e6015a56aeffa060ac1,322016,1Bgq4_diWlFxmDR4is0kQugeZUoMUnZ6Y,exact-md5-duplicate
14kwoSr_iEg8Jpawq6GjXFdM4MfIt1PCG,IMG-20260815-WA0013.jpg,46a25312ccb21e6d55d5aca0421fa1ba,319691,1uydTCBmAngcBJy9yxoZrVwcJTJIHmBl5,exact-md5-duplicate
16DYYoILuVjMLQ1Cfn3lDXpHTyRWqIr2D,4357_1787520978492_4458.jpg,b3349181d4d1fba485b715db5b454c82,318409,1cMKbfIl4fuCFpWPs64WiLknhMNuR7UZ1,exact-md5-duplicate
1eBAIvRSSQOoqycPn4SA8jny4VfsW4gRZ,5339_1787523470432_5495.jpg,179dcb35c56d85073b44fde15f293278,317940,1NoIGLgmAckyjI5z6o0dtfLj7YDfWmfQk,exact-md5-duplicate
1goqIo36DSGLjvi3gDAImbxwF6BY8K3vw,brown_planter_decor_0021.jpg,09c1b65efa0098b93ac52466324ec04e,316370,17__hcs7hr00twI-6pvYQ-F-sKlaT5P0j,exact-md5-duplicate
18ccUeNwAmfVWRG8WVQhq5iLdmH2ctpDR,steel_curtain_decor_0073.jpg,a95d98ec25a92e087ecb3b2837cb4f3d,315153,17GIiiVyVfSmvwp5MuDIbxgwpKgcJQyI2,exact-md5-duplicate
1QJC1z5fgcs3PV1D6Cmdeec-1OuRzLihS,decorative_curtain_decor_0006.jpg,fe2f17edee5eb57700f20f40b7e1a800,314958,1MYRevb0RN6Vye0mbrujtMvUVW9Fgo0MC,exact-md5-duplicate
1xCCEFe8bFIOdh6QFSHh_HVw0hwJF2yf5,black_basket_decor_0004.jpg,b1115ffeb6f6e3f20258341947a3a300,314938,1uZ6Zyoo4AYO38td0efdOKgEH1ip_BQlJ,exact-md5-duplicate
1VK5k81AkMnHCgU47XuhtdtevsBE2EYHS,IMG-20260815-WA0003.jpg,a656c1fc376e69f9b97f614331fbd189,313095,16e2-kmkauJhyDJoGJHC6VExWdY4cTvI6,exact-md5-duplicate
1KhqZLzlpqLM-eDH2GNXVi6FJueDg6Fbi,ivory_rug_decor_0039.jpg,4dae794faf5c04c011181a19ceaf9cd3,312768,11Dpyj1xcs4kcjCXfLCLdG-WsXOexDIDP,exact-md5-duplicate
1PC1jZDRcAiCiwDOSsts40PLLY8Ogiqwb,IMG-20260815-WA0007.jpg,2b69f04719c6d93b64ba3d3d95fc4f47,311937,1qMJr1Wc4pdTgh4InjSI6vx7ObVVWNZ2q,exact-md5-duplicate
1IpM52LQxyZnc5_WCWjDPXPu1s3cWwCda,1357_1787197389655_1046.png,c619dd1762ac546cb556af1cd954cce6,34628,14JX4WjCm2yY4TTaJnUU298Z0A_l8are8,exact-md5-duplicate
1zxHG0xzNcBjaBksVfJ5bnRpIALN5aoap,2220_1787189970646_1489.png,c619dd1762ac546cb556af1cd954cce6,34628,14JX4WjCm2yY4TTaJnUU298Z0A_l8are8,exact-md5-duplicate
11JVbACrmp4frC0cw_Pa9KjSYHlFGqPeU,1157_1787439846252_1223.png,c619dd1762ac546cb556af1cd954cce6,34628,14JX4WjCm2yY4TTaJnUU298Z0A_l8are8,exact-md5-duplicate
1cd1ldGJRSmKpujrXR51cH4vVAXOsImht,1169_1787439872276_1236.png,c619dd1762ac546cb556af1cd954cce6,34628,14JX4WjCm2yY4TTaJnUU298Z0A_l8are8,exact-md5-duplicate
1rNA42YM07Iav-fCJDF0ss8cZ-DSbUECd,753_1787420705582_777.png,c619dd1762ac546cb556af1cd954cce6,34628,14JX4WjCm2yY4TTaJnUU298Z0A_l8are8,exact-md5-duplicate
105zeFKOgNBVZ-SSssjaRo9EAuFAiAo5P,2656_1787454508236_2760.png,c619dd1762ac546cb556af1cd954cce6,34628,14JX4WjCm2yY4TTaJnUU298Z0A_l8are8,exact-md5-duplicate
1DhXqXkj13rKG_XVCIzYDc4N5w8pIetgK,1349_1787501393692_1470.png,c619dd1762ac546cb556af1cd954cce6,34628,14JX4WjCm2yY4TTaJnUU298Z0A_l8are8,exact-md5-duplicate
1E_iwhH4aHt66sJJLxZFbBVAi1kRetNsC,1338_1787501367614_1454.png,c619dd1762ac546cb556af1cd954cce6,34628,14JX4WjCm2yY4TTaJnUU298Z0A_l8are8,exact-md5-duplicate
1kYC46cu5-MiIf6N59kEmAdE2TVGp59i-,2665_1787454528262_2769.png,c619dd1762ac546cb556af1cd954cce6,34628,14JX4WjCm2yY4TTaJnUU298Z0A_l8are8,exact-md5-duplicate
1Shk5ZQYY6AnqDIub_2K77zGk1xEb57Nw,gray_rug_decor_0112.jpg,c437af86b3b6da2a4035cac8656ec941,310995,10-_X3Ds1yAJFAI6Vw1-zYpKC60DQOYVT,exact-md5-duplicate
1o_VJ_doP11dQdZSuy2fd-mvi9vR0dc3G,decorative_storage_box_decor_0018.jpg,0efdad589f6a5250920ab720a5603271,309452,1fukL1lMs0qhTG39m1HoVvJkm_7GIEi0U,exact-md5-duplicate
1TIspGeAplZUAiXkgra1PKLXddY2widY9,540_1787195723493_389.jpg,f8d74788bec97675bc5e4bac661d0b1d,309058,1Fehsp76pG3YpjXRCXVTsqiW7AgWTl0cF,exact-md5-duplicate
1pBmWMdqQbFzU3OHHXSIUjVqxPg50WVTx,2112_1787198704726_1590.jpg,c7aee587255b63f69d56806ca8eca966,306103,14dLM7SYlktDOx3Y08CEpfpLApcWKgkiO,exact-md5-duplicate
1rlorw1TZoykS-k_5j6VCYl622nVUR8Kq,walnut_picture_frame_decor_0003.jpg,6ac3da10a8e43e1fd628919fe00bd5c4,306086,1DaxzvMNpaCH1qGRWQtnlrmG61HRn6Xpg,exact-md5-duplicate
1kvoP7RxPJbGpKBuvzLZ15tZsalQ5P1EU,brown_bowl_tray_decor_0004.jpg,8b578a747c76cfd6b44591c2e45b934a,305788,1UdP88AyqQ2AcJvn79BRwZGYrQDD-89_0,exact-md5-duplicate
1a5RtucsWOpDoc1ziPFWIEAMExMaIbFjL,salmon_planter_decor_0017.jpg,b5047a3130ffac8e50a2756d59f367ba,305615,1Q-HC1L9wB0pSwaAY5WFMykqwRZO78XUJ,exact-md5-duplicate
1o0xvaeOop9GjV03OPIEPfdHlV3Lk-i5t,black_mirror_decor_0002.jpg,fb766be51f46125a93d7bc5f30fb73f3,305212,1-ty9nDD6yRQNyt0iyScmNUx1562Y3gRf,exact-md5-duplicate
1KD2gmmpS-ZFr1Heeqi-IJs3jiUvYltzK,brown_curtain_decor_0002.jpg,65a780481e463a1cd92c6f439deee69b,305089,10AFVRjpJpABg6iXGBERq-hoY6NSjVmM7,exact-md5-duplicate
1GidD6CCZeHotCA1i3vDV9Wx6eYPf84L2,black_clock_decor_0039.jpg,73d04bdddb8ae82951813d9f9b76d156,304903,16YusYruLYZWSD2znDKmTKR_kkS2y28jI,exact-md5-duplicate
1sBoFsF2D3mcnm4-1iQeIs8CzbE0IkWgs,IMG_0613(1).HEIC,dec99d381fd3e53ef9dd9ac202c10853,302710,15eRp5kOLq0UwtlXHNv-cl31jqMGLxol9,exact-md5-duplicate
1nUKcPMtNMdrh9SeMmwLN3YanbqYxcKKv,wit_curtain_decor_0036.jpg,20cf197dffadd2e776a344054313c3d7,300941,14TLWNGr0Zn3XeTMekoEC7_61_oJ-ZbUO,exact-md5-duplicate
1U6bMAmXpkiCdBbYqQHf0wspmmJBlLAfW,black_clock_decor_0005.jpg,845972b2dfc7302c1e5a06e19423e3e9,300147,1TacewVFs56Hi0vq5FuM_tM6J_Au4vamK,exact-md5-duplicate
1t2yR6BCgrN4AsZRZllhFPxfjQPO-ZTx0,4823_1787522194518_4943.jpg,f1b291195e2575fe4a04511386e0f1b4,299480,1TzAHTQCRt_jbAs9JTJxPG6frwSb8rzoi,exact-md5-duplicate
1rh6HoVaBhukvkPoWJeoKrMAMUad3J6ms,decorative_curtain_decor_0028.jpg,b43f75b8cac439f3b988851a06f3e8ff,299152,1ird5ExH9zCZEKxlxTPs9yyCIeQ-WYTPH,exact-md5-duplicate
1PK8qetMaDUQYTnoFspn6b5vz1_WuO4DN,2156_1787189885639_1449.png,13211f1113d73f1cbfb6efac3ffaf6b8,29766,14MAfJHMTDzldI409RzN0MucKEYvBoPjr,exact-md5-duplicate
1XvEgwl8u8hfTQlw6BJAfUaSZzzI64wzt,1309_1787197294663_1011.png,13211f1113d73f1cbfb6efac3ffaf6b8,29766,14MAfJHMTDzldI409RzN0MucKEYvBoPjr,exact-md5-duplicate
1NNjYou11-DkBbio_AmeJcwmBgIHypQjH,1131_1787439764298_1197.png,13211f1113d73f1cbfb6efac3ffaf6b8,29766,14MAfJHMTDzldI409RzN0MucKEYvBoPjr,exact-md5-duplicate
1NyDwie4aeoUrTbtfOdxmOFr4Khc9raBd,1141_1787439797309_1207.png,13211f1113d73f1cbfb6efac3ffaf6b8,29766,14MAfJHMTDzldI409RzN0MucKEYvBoPjr,exact-md5-duplicate
1RSp7t9ymM598i36D7IT1ggO8pxg5gxFn,724_1787420641814_746.png,13211f1113d73f1cbfb6efac3ffaf6b8,29766,14MAfJHMTDzldI409RzN0MucKEYvBoPjr,exact-md5-duplicate
1klFbwjjSC112-KvvbPICYmryWzscGPGO,1119_1787439723472_1180.png,13211f1113d73f1cbfb6efac3ffaf6b8,29766,14MAfJHMTDzldI409RzN0MucKEYvBoPjr,exact-md5-duplicate
14oq471SC_svcDqu_qUknR4FtMk5LmKqH,2602_1787454380243_2700.png,13211f1113d73f1cbfb6efac3ffaf6b8,29766,14MAfJHMTDzldI409RzN0MucKEYvBoPjr,exact-md5-duplicate
1arftKJxphbFhgrd5J4S41pa6G3PhMQ37,2576_1787454329416_2673.png,13211f1113d73f1cbfb6efac3ffaf6b8,29766,14MAfJHMTDzldI409RzN0MucKEYvBoPjr,exact-md5-duplicate
1nyKioedVE3ieZx3-kqx_iGCko5idRMHE,5872_1787524962743_6062.png,13211f1113d73f1cbfb6efac3ffaf6b8,29766,14MAfJHMTDzldI409RzN0MucKEYvBoPjr,exact-md5-duplicate
1yGhLuWbZB8k4AoFiihzpe9J5VDizvLsv,5855_1787524924566_6045.png,13211f1113d73f1cbfb6efac3ffaf6b8,29766,14MAfJHMTDzldI409RzN0MucKEYvBoPjr,exact-md5-duplicate
1pgE9wQF_1WLu9p-A9EqV3vDxu21Xh7PS,blue_storage_box_decor_0034.jpg,782d22c5e159142a031a958594a59545,295792,1nejij9OknuvSbq6uxRBHtgI0j3UpY66z,exact-md5-duplicate
1aVbBtAcXy_9V113iDv37GPx-3VbBF7a7,taupe_cushion_decor_0052.jpg,625fe570e3bb947380f8c3fb5df66a82,295439,11kYhQAneieRxh9BAMz1JtnNHVBeys-Gz,exact-md5-duplicate
1jdtv-hqNDTSnV7X03c7CwaDYO4GyqPu9,stone_vase_decor_0020.jpg,ebc9bab0d28dab02161c24252c3da697,294323,1ABWFmItbTpXvIdVZSaetStOpOkz4WKte,exact-md5-duplicate
1yxvU0NqBIFl48sh7aegHentFin1y80oI,brass_picture_frame_decor_0048.jpg,ea22389fda51debbdd718579b58b0172,292765,1XUeBHUuOHJA7Hc11_zzK1CySIsDXw5gU,exact-md5-duplicate
1z-QYVSFT8jSXssYFkGnP5ykGamJVyn4R,ivory_rug_decor_0115.jpg,f9ec85892973bb1cb4e5313986d88305,291991,12r1yzwcRRAjaki3MTHc4Zq8LGhYt1B7F,exact-md5-duplicate
11pNqNymXUOB4bsKnmpTbP-vfqmW82a0D,2365_1787453811268_2446.jpg,3209e5cc1c4858f2c02fbeefd1c3db48,290075,1L4BAZkJW8yKNmLpE8MsFxkktMhjDXTgX,exact-md5-duplicate
1AQXAiYpdwhaPrHrsGc9esC4mvb8YKtdp,ivory_cushion_decor_0025.jpg,323963fe2f11c8bed7f23c7478b5853d,289747,19VpBj3C2tL92fdXbxN7qGuC-loqZVt46,exact-md5-duplicate
1ipiu_mcPOrqqd9agnaikTTfxoCr3fhxM,2946_1787517436546_2992.jpg,b937b87184510c200d601e92149f6a44,289639,1f5gbLocyxL7uMUIWQ53BW03KuNnTjKFp,exact-md5-duplicate
1md37CwVD-MS8yxA4CarP00XJ80ejsP_r,blue_rug_decor_0170.jpg,8ab091691d1f10c49773342f268c072c,289350,1YtNThgzSoqUuIzaPoEuBMbS8gqhDJptl,exact-md5-duplicate
1kNU-5jzzLV2mrGFi7TWiErQkW3riMWlj,grey_planter_decor_0019.jpg,7b07809c5f807fa71cb8f22ee735a34d,144271,11P_xmNX3rcgSuHykqRmw1kMhplNnGs3j,exact-md5-duplicate
1xucAkxSZEo7B4tQHz5lIFgwDPV835bYO,grey_planter_decor_0019.jpg,7b07809c5f807fa71cb8f22ee735a34d,144271,11P_xmNX3rcgSuHykqRmw1kMhplNnGs3j,exact-md5-duplicate
186g67IkSTepgWQdSbRfXjsRUiz95jE7g,maroon_curtain_decor_0097.jpg,e1cf748c1360bc9c9b4051a0b2aae690,287823,1-3R6gNSshKXhDGwUf2wX1dESa3YcWCMM,exact-md5-duplicate
1N3AyRZf1RewD8LlYQb_jVMZtc8xabA5g,1215_1787188385652_823.jpg,e6d9afae5353dd6a41d15c8978abc2ad,287211,1E_js3n44KsWhqKLqhKqe76t6wy8BmsSW,exact-md5-duplicate
1Z25h8-qFsI80f6D0Y5mWUE5ndER83AEn,black_planter_decor_0045.jpg,13905fbecad177c4cf456294d99debb3,285705,192EMT00hCgAQHW7Dp9lVoXzC8qNHSp8l,exact-md5-duplicate
1TmyRmOj-rZl-VovC9oTi4YsZOmwk-Cll,white_curtain_decor_0059.jpg,fca7b9c979fc0d6170eebbcd7e1db12b,284666,1K-qhYe8fbgVulLqq5O6wAnYiJV3DJYLp,exact-md5-duplicate
1U_cvH6IpwdlXYw03SCMh3j56Xku0W0D_,black_storage_box_decor_0069.jpg,4c0103d5ed839c394b7347adb4856e6b,284623,18JCYgDYPdNykYzUyr5ctirMSVqjHai4K,exact-md5-duplicate
1he_3U09fDnlZbgZj1TXWk12r-T3KRBjL,IMG_0612(1).HEIC,0bf377303f85c33b38a7ea25e8daf6b1,284147,1Pw24_R4IpynJ9tdJA9oOkGSmYskGHzaw,exact-md5-duplicate
1yTXMYO4IsJEEdff2oHTebmAfYyC9XgxR,black_clock_decor_0046.jpg,fa2d506ef7144f939a138b5753162e2b,283802,1nfogytgYfK53oc3HpkSJinHMzvYVUwtJ,exact-md5-duplicate
1InBWSooMrG0w1EswS79pWVKW19HNg3Q3,beige_storage_box_decor_0025.jpg,73cd38ff460662e73646c5adf4fd3b98,282769,1EhcsFimau59Srz798bZSITzVwJoO9B-f,exact-md5-duplicate
1u4rC-1gJoctKTrvQ_6-jYGxS5p602_yt,decorative_curtain_decor_0007.jpg,0e07a6b187e325c36690d0b1ea29aeca,282265,1rYWblrYvIfZurQUriuvQiBjNPK35dSW9,exact-md5-duplicate
1pKWVCo6u9rBTpYqtpK8lQ5dPrHUi0yzR,dunkelgrau_curtain_decor_0001.jpg,260debb07a6e1a25ab9609921c5f9db8,281704,16IAH6yQzSa0st81EAdlcIfz-FVqOzT28,exact-md5-duplicate
1be2el_kLeUzTJp1zD_ocBmKdqCJXrjhw,black_storage_box_decor_0012.jpg,0afbd664517c9ba7cee9a3e97d4e3491,281081,1F4x4r9VyH_29FNH0P8sNTNT18U_Vf_cH,exact-md5-duplicate
1knbYmBRxPrCfDsfCkE6S700JUhUgBErw,light_mirror_decor_0024.jpg,de2340d052afa39d99ac27f8fe3517cb,279142,16FDqHKQ3yFYM8n3XvC_bGfaSOHAZJXfn,exact-md5-duplicate
1BV36fFYklYHmBrT4MX7nF-AWL0wAHHkx,bronze_curtain_decor_0095.jpg,ded3647109e4a22da9e5d8a2d11f166d,278180,15LYObMvh0T8UGuEGl2PgVLBjDmM_eFzh,exact-md5-duplicate
1y5oRVQnRcFqDksxU7-5oy1CRdDYWmV35,black_clock_decor_0032.jpg,b27af6d3ad9248c9c957bd846c8dacf3,276608,10yA3OowEqEUf7ISQwfmnUBbiEgAUVV50,exact-md5-duplicate
1I12Q_ZRjU1R_lLhLt9cYf3T1Nh-mKv8Q,light_picture_frame_decor_0007.jpg,b5f151e4b8ead86cc8860782df9c0f1b,276201,1Gb3WH8vRwExMLAEKJKO5KcNer3Qgh0kj,exact-md5-duplicate
1Uwh4py3jcwffNdqLVL6FGFzA4hCCHFd2,daylight_candle_holder_decor_0036.jpg,a2326acf0146d1504b67941aa6780545,275885,10P3j578O3jSHTjSMlw5eQ9j8RpwGURJx,exact-md5-duplicate
1ySOtqq9gF-AhVK72OPcSOJofR3EPPlc1,dark_planter_decor_0074.jpg,274381eb99b1becce448101f088a5082,275520,1Mq7G6jikyBpOMhlPqPo7a1op8SB-a-OH,exact-md5-duplicate
1ljXQ7cpYn07e0BCbS-NYU3oAsqZ244KS,stone_rug_decor_0139.jpg,5e82eb9964f6fbe2e5812994808eef54,274233,1GxBiAUvkeQFdXQr4IqaqiPVgabIYZGQw,exact-md5-duplicate
14C4NwZ67ROYdxgYqvF_XSfFRNQQyOH3C,orange_rug_decor_0038.jpg,7b8448283a564463db320cf15c965925,274102,1-N7HxAGO5sYNhqmkGbPMqAdlYTeXkwtB,exact-md5-duplicate
1paE2SLvrabwT2XDZs66jGlvigc0zYvjF,brass_picture_frame_decor_0009.jpg,a3fc4cbea515124693e48e6ec87bcc12,272725,1aJPHlnFs0-_cjFWCgyZTwgL6xQxJbQV8,exact-md5-duplicate
1z1HgyrkmGXr5LzaiG49tPQ6kLn6Z-0qK,b_curtain_decor_0085.jpg,ad3bb7ee1e36f35afc298dd3d5e2ddae,270412,1CN_Z-0XS7OckCBDgxgLBQwU0Om5HjWbl,exact-md5-duplicate
1ipNoDdgXq8mu4f85uKSd7c6BwG-MGiMK,decorative_curtain_decor_0017.jpg,2fe7aac372324b2e68d5b25ff444df8d,270407,1cq__c8s-Rw2Z8DMsHQKqSBaZzi4XsUBu,exact-md5-duplicate
1qEjY9S7UtBQSpjFiIplYJOhvA43z6jfs,998_1787188023610_673.jpg,626a523d13923fca20482fed1eece75b,269771,10q35Tw4snFHbDlSnFis3k3XBhMFSmJKS,exact-md5-duplicate
1V7kZMR6H3KUdfdIMQ5toPjkv6H85wQGC,black_clock_decor_0043.jpg,b7e087f6389b5a555a90d4bb343a685e,269611,1Sy-mVNN_9hYey4gBGpSaBQCCEismImoq,exact-md5-duplicate
1pHtApKfzMoHn6xEGrUhuwBsWvnHxpd-N,black_clock_decor_0056.jpg,b093f75f41afb32703b131b7b5fd80d1,269585,1kPcS3whDVV_5FnfuMbuAaMAWKSqIUEwc,exact-md5-duplicate
1FploRLLyEQBgMRFbSQArDmlRrA7mLF3y,black_planter_decor_0007.jpg,fb405c5ab9132f085c430b93d5ec57f1,267676,18JwGD4XjQvMMkYN74H9G3ofsiG-bwckH,exact-md5-duplicate
1mDeb_fDoFRGsW0jYO-KpHlh15TYEvnBx,blue_vase_decor_0001.jpg,6387f16bfe6a825809d5367ee755004b,267551,1lUSj15HxuM3rHPH3WhpjWYriPQNAemJD,exact-md5-duplicate
1bFrHDtrs_yONJDWfr8vWt1hjVLqxznRt,dark_storage_box_decor_0009.jpg,f80ce046509e689116c4789e882c221e,266923,1W-478_ljLnNcujH3IgTBGbWzG6sfxi5t,exact-md5-duplicate
1_1iWPJ9VXEx42Jw-9psZkVtI7-eXCoNl,533_1787420206645_545.jpg,6d54e0bf3ee08874330832a67901b09e,266885,1FkalVLOq_3XVt2T1CKecP2gJYQGaWoiq,exact-md5-duplicate
1HYx9SmOnO1vuJWf24ib5fAXQwibObNVy,2558_1787454297256_2655.jpg,7a6d99b8b2fb2095c48549e86e361ecd,266808,1DpXiCf04HNEDzINB9zc56Oggy8Bfhd43,exact-md5-duplicate
1HsjoZhhRrcTeLDTX4ukFI91p5xpo-rg4,3761_1787519392495_3829.jpg,5bd5e4dcaa2f8f14a6d36b30f4750919,266694,12v3KWKlRB8WqptmUE77rZrYGoXGr-ok1,exact-md5-duplicate
1vPzAfH70xQrfTEInzWQe5LO2imwIV95i,black_storage_box_decor_0033.jpg,ca79f084f447c7c641c7d8b42db750f7,266691,1uEnb0sY-pGUXVUMjarY53FH6zJkvSP1h,exact-md5-duplicate
1xY1rrJNKdlV2DF1R2P9hHNC36bL3RNd3,decorative_candle_holder_decor_0021.jpg,80fec8fc59c70307e634aeb1a1b519ee,265215,1hD9a2-mP8TDc3jCD8o4kzHrF8T4TLsJt,exact-md5-duplicate
1Drft-V4MD4gxLEY6p2CUHVk1t1iAZs9I,medical_storage_box_decor_0027.jpg,b82866301663bdeeff218e70748ec8a0,265072,11bx8zd1FrejwtslMx0P75Qv_WJtW-cK4,exact-md5-duplicate
1ImakyJdPuBbqksjX8Ei6sfKnGiJr185X,black_curtain_decor_0052.jpg,05f91808e313e87b275b43cc4a83e3c0,264866,1GlIbKh6H72yf_aFlIn-y-IeFq5ABkhpP,exact-md5-duplicate
1srQBDAA9VPHqhqT-CfGyGIM3AWuEZPRv,schwarz_curtain_decor_0096.jpg,41f8b58d3dc268f51aaa10ae99b358b5,264362,18U-5Tx50WQMNebD3_ZrozACR-dTd80Aj,exact-md5-duplicate
17YUoJZJVui0gt34WU5AsD71HNnyw16Gu,1849_1787417767843_1917.jpg,1620120f6535c9f870410a5ab97fe27c,264120,1xHOjwujEVhSSfAQ3lWuvd1t8pTnjDiDo,exact-md5-duplicate
1QgPsmrHJo5uWGQNfrJ21deupHQd9th0t,decorative_curtain_decor_0100.jpg,2b537f5ae8b09f08e1500259e9a8a036,263714,19XYLXVzCOIEQQMl1MHyayLyfTv97lMCN,exact-md5-duplicate
1lFLZrU7yjTyAVUjB-uTYkTHwWHI27jie,black_clock_decor_0031.jpg,4216d2abb6c0e2d0899cf5eb732a011a,262775,1gLCJhMqJoeSt7pfSnvxFde75lxGq7ECR,exact-md5-duplicate
1wIq9voXvFmClDk7Hf655SotWGuYfU_6N,moss_planter_decor_0085.jpg,0d106d37b1a21e81eb46a0660f351e53,259396,1KSiF2cgMyRscW_BeG5G7zPZvKJiOIxCY,exact-md5-duplicate
1kKwEI70YrMGEcn3s-yUbCCymjuvI6HXQ,red_curtain_decor_0087.jpg,8b5a1bcb854a3cabb4d71e064bd1d72d,256642,139P5mBb4bpDOxuibW0dPgUKr1mUBMSvY,exact-md5-duplicate
1t_0hQGY4k2P8KQhJ2IRgIuQuO6WR2o89,black_clock_decor_0037.jpg,3f2f526073a3384da21704fd66eba348,256453,1mm9cNzzLPR1TBKhxZwiUQUGdjvNchjY8,exact-md5-duplicate
1NcX9Z6x-2bIlnoma9O0E164tf3ptw27C,decorative_candle_holder_decor_0001.jpg,0ce8c7e350b5abdd89e0224afef34fe1,256087,1FIhaD6uOJwAl4IsMeob471RyfYj7kP7W,exact-md5-duplicate
1rVe3I40Cl5KvBEfvbdeo_gpvaP5z1tXK,decorative_clock_decor_0028.jpg,dd90c880932e026730470d76c7c668f6,255125,1nP7kNjZQChAHHvbP9laNqS6Uo2syKJgp,exact-md5-duplicate
1YYesC9hvXpawF_K_grE1OM1R2ReI-pdt,189_1787419453579_191.jpg,9653c4a4f1830a254005749e2ce0cf18,254003,1UkejYIiTURIGsDH6TwLR7wIFr8Al0Ica,exact-md5-duplicate
1wlUex90cdDSLaBdTQCiqrs-_0COPUxTv,glass_mirror_decor_0010.jpg,51df8a877d42c63b454e19080af69a69,253448,1tO3BnUPZlX9yySBwqRsx848s4ysfGl79,exact-md5-duplicate
1zT1yOnvsqY1Kdt6i2As7aW6tQjntgUqk,ivory_rug_decor_0008.jpg,dd15a49cbdbfe0695ef21e3fa74dada2,253211,1PgsQgZ5-3PouP_TIqm5yx3lMotRkimdw,exact-md5-duplicate
1b625-dfvkUF2fuJ0CZ_VWnQw4JMXRZTG,4586_1787521589507_4694.jpg,79d7f09487c9c16d3d568842d2a6210d,253030,1R2m8cKOJNNtrN_k1lxqmNSdYLra7bDRW,exact-md5-duplicate
1yBuxZ-tdIM3Ha89CHBCIrTWd82owOxTz,rot_curtain_decor_0067.jpg,6a00e0694705bd289293e125b47ee4bc,251990,1RFO2rW0yPN9eYVcB0Xa_dtAtan2guln7,exact-md5-duplicate
1Tn-ObQSU005U1w4qE29NWoU-FNXbXE04,gold_candle_holder_decor_0008.jpg,e071f2f855b059c28751a33cdbae3660,251187,1MQPpSwS61iqucEjm5g0g1Rykpq53YEH4,exact-md5-duplicate
1j0GmrF4lXx3xi6TyYOfd6p7xZMVSzBNn,ljusgr_curtain_decor_0075.jpg,59f2b71337516407b62b7ae4b1d20b3d,249892,1idbfEKtf0gDU2Q7q950z49-xVrfdrCVh,exact-md5-duplicate
1nWWLLMKxOxqQcP2UePG8Mobd638k1aGJ,light_picture_frame_decor_0036.jpg,14bcc70f7596e72a23766f2fb87294b6,249646,1MQhGerah8tQN9_dX6rlGFs_rsMaANUbY,exact-md5-duplicate
1H1BlxJIqV0hSfIMkvXt7E2TWEfNhr-Sq,18_1787448205166_18.jpg,f5096b2cc7ea33e94b4893bfd40c9577,249087,11kyx9dobhs1wDFoaWu3T4wP-XN0ynXW3,exact-md5-duplicate
1uUUyQGsGV_iMaGRL7Oqp63UYv9qPw9og,zwart_storage_box_decor_0070.jpg,4b66f97f4ced86a2ef78e9a1a53c4f49,248114,1YGox1bC2qxlKKxepNsS99zL0BGLpJF4g,exact-md5-duplicate
1eqhEbDEg0tc2tCsJM8uOuuHj5QnthNsD,beige_curtain_decor_0041.jpg,0a1f58e94c83cdf8aae40976a20b3a45,248024,1bbYiI6K9IEioUt7PBnjiAnMHNWZWQzyI,exact-md5-duplicate
1uxmbhqX4ZzUkNf5zSzjCQC1bOaw3Xjj6,gray_rug_decor_0054.jpg,bb412199eb24ca4011cbaf6ec8ad14c7,247723,1DT9IVkDZ7H7i76cHnrQzAxcs4AiyG3xa,exact-md5-duplicate
1CtuybBhEwznG6HQh4D2qXxXjI0kgtROJ,2168_1787198800666_1632.jpg,29e2c38c8b69bec5886d47af5a4d29fa,242945,12z7zWOUk4eVHIM8M26ViUBoj8f6g2Jlj,exact-md5-duplicate
1pgYJiTMalqjLIESE5IiTuZb1QjgUueC2,brown_basket_decor_0006.jpg,435643812c8b7f0afd8e5ac3cb54430a,242669,1TgzJkcXRrSbKN1egrEeF4jX91U7wwDRn,exact-md5-duplicate
1ANlln9aPEbmZj25_A1nfi6U4v71mdf0U,3948_1787519892496_4018.jpg,e6f354315b0d3578eb883c66111531b1,241831,1kEwf6H3SSLmHYFwuiIEMN5ocPoSD2PnL,exact-md5-duplicate
1yuXxreWvK2z2uIczSmzunH0b0_tWxfeM,multicolor_storage_box_decor_0010.jpg,17a1af44845871087e7fc11b5e1c55c9,241158,1wADU_WzXOj4IOK0qNPXDueoD0Fpjuxe2,exact-md5-duplicate
1lb-yHYxtzgeay_JFfdTfCaRF9ZqXuPUe,black_clock_decor_0057.jpg,97de539860bd45e7fc7e568450c1a655,240954,1N4NB3mcGi-CjHlRseOPjND45TKJhrI2w,exact-md5-duplicate
1tU32rP4yQOrCiN_DtJhl_iP6idFykfkr,black_clock_decor_0054.jpg,2717938c1a67e801d49980107f15c2ae,240545,1SVHoDNjzuHs8PQR3xBuwdrVf-54-6W33,exact-md5-duplicate
1Adp1i2_GQzd3gxNXFKaa4_nJjZHaCdGj,blue_basket_decor_0003.jpg,35a19528e4f9ad8089eed533bb5ebbc5,239332,19LoqwQlhzLqHW4sDaXqdY0uQDAL_Xs00,exact-md5-duplicate
1PhN03xnqZ0lybelwQhIQF7D9CL3KzHeO,black_curtain_decor_0061.jpg,893c0dd28dbf1abfbb1a06bf019fe8e5,238508,10mUrmw3wcXK_ZmAJDpC_ORNvc_qyY6MQ,exact-md5-duplicate
1G1ukRitcTRjcJM6pJWGcFo8J2Q0426DJ,grey_vase_decor_0024.jpg,129e5830df15cfcf10809266d98419bf,237458,1-8WljMoT147xyH74oH522ellqRQCvQGt,exact-md5-duplicate
1fNehW6k9VqybjhW6k-rgGH6XdMjbvb_3,grey_clock_decor_0019.jpg,015b19c96f9b255bd4a6cd58f3afc15a,236576,1aOjiBasa8jJvJrLycifIYUMGVzexWMH6,exact-md5-duplicate
1PkA0yYbslOAPmWZfi7UV62c83fKGd_NL,WhatsApp Image 2026-06-13 at 6.03.47 PM (1).jpeg,ab1ea119f8b4c11a8db0185a0e880680,236269,1BwsbJnyZowcVXuejd6ctklCCJbIU004x,exact-md5-duplicate
1Mh2VFNIo9Q5yB15rN1gTZBC7EWCylWFc,black_planter_decor_0049.jpg,79481b77308f2e1d6f497ef7d386acd6,236202,1BVU5YXtfagxzdl79lFktFFud95lhNW8j,exact-md5-duplicate
1PXxNsdpT6fb3aeYH8s2-bV5j7m7jVL0F,black_clock_decor_0033.jpg,180cd11062f1e9a385491bb97bf166ba,236201,1MiEM_ImmxyWFc90RrTYOQZaJvayWCJcL,exact-md5-duplicate
1wYa-KcwlqkOyfB86MQTbLFZ3JGS_jvCl,black_candle_holder_decor_0044.jpg,feb59f07c408ef26c8e1fa98f86f6f64,236092,1lDk4z5MMTiSIOy8cjO7d5GSDl5j1isdr,exact-md5-duplicate
1LOuWvjzqXqjYaHCLfSLbTjk2S-PHwCq3,bear_throw_blanket_decor_0008.jpg,4c588ca8ed19cd23f2cbb52ea2012c14,235305,1Cyso5iYsAaKxaIV5M8MGNJ7aK_1lC2vC,exact-md5-duplicate
1P8a79QG_hwqKrQzIrhaJcasyKshk0PlG,grey_planter_decor_0075.jpg,c7da30d7653b55dabfa813c67cfc8f06,235264,1AWVUwLm_AVLAKUb6lefLlx59gEuqmC3E,exact-md5-duplicate
1jd9I3TveQYnBkJWHnr3chGOxN6fYWHGk,gray_planter_decor_0056.jpg,da25f205b0501b5d5ba6250edd9890a0,234738,1BP7Q-hkW3nA-z90Mw_EdAfr8FP9VwfJC,exact-md5-duplicate
1x_XsHBD1eTbdBZz59JoFYiPgu8e0yLer,walnut_wall_decor_decor_0002.jpg,d57f291d666957e3dc66b3f7eea85a2b,234092,1-j95L6t9gQXh-K9T38qMM5MHE6k3zlto,exact-md5-duplicate
1Hkmc-fKEGun_9BzKLhzh1EzxKFKQZfV8,synthetic_picture_frame_decor_0035.jpg,94b77468a5bfc08cd99386512eb10256,232393,12Wniadh0EBdXCcETuL7d3BWiWRRRlUaa,exact-md5-duplicate
1ao4seaxwzf0G934DthYidW1yTNByzrjh,1008_1787512970661_1024.jpg,0ed4a268ac0fb55a113640ac42613988,232154,1AcvlIDllSxjTWrOWZIwgMHJ1hUfhOnyr,exact-md5-duplicate
1welSxAPgy7W29LsE6PdKXds6jsavsY-y,decorative_curtain_decor_0080.jpg,1efa3bf17f0ad1ab94733ad4396e4fc3,231867,149D2zAP3c1TiLzvdRZtxLWlOLX2ymvAX,exact-md5-duplicate
1Ngn85xmqUrZWuIEB4GylG2f2Z9YUfxUA,natural_picture_frame_decor_0050.jpg,4595302022db658180b703480d972316,231218,18yLw6FtstBNpTWxba0zw71kS6La0bbtH,exact-md5-duplicate
1nuSZY6Ntd24wLS8ZR4Jxr_ZAu3PjfNHP,dark_planter_decor_0034.jpg,9f1891f45b80d085f186e7d1aa10fec1,231190,1Q_jlpUXuHw6sRXm1d6MNviYRWl_bIGaz,exact-md5-duplicate
1ehM_IpxXFs5fZBX3yRwyrpAUx95GjB3d,black_picture_frame_decor_0032.jpg,b66a869d8a68be2511cf3a5eafe7851d,231067,1Yi_6Oqmzi9u196FuwcNMxw8cBC3aQBrM,exact-md5-duplicate
1QpPDoYSPJTBXed9g4Yq5qcXTRsLLOwpo,decorative_candle_holder_decor_0038.jpg,e6b761e2a7b9e3efd300915346a71044,230806,1DpC93c7VMRs1S-DrUJ8a_G3sZ_fY1lq3,exact-md5-duplicate
1MIxM52Skggtm3sy9wWQ0FWlCxK1H9ewB,1072_1787513110730_1089.jpg,a57906a40d11719413b98c5d1f313f94,230611,1i_dW6wvEJLdC8ow536-Z61awcJiGynr-,exact-md5-duplicate
1dE0fQee_q_5VPGU9NP84lXozx73mhR-l,IMG-20260807-WA0000.jpg,04926768f4667e3e3b0e4b9e29117ca3,229128,1n_aNiO9H21pGsTJBW_9e7Y49cS-cCi-N,exact-md5-duplicate
1nbX6NdFwUoGrarWginJMAKf_X2n6VGx4,wit_curtain_decor_0094.jpg,1b5155194b13e3ca37d94aaba96eab3d,228518,1XqFLoj-Nruucb4izRbHGqLlzh5MrznBg,exact-md5-duplicate
1fZr8lrL9uc1Dhn3GpnaY3e47ZI24QxGy,blue_storage_box_decor_0008.jpg,0c96c07bb9b372e9c559ef1d50d9d815,228310,10Gg2tVDOyU1Oprm03a7CxCm5OR5D9kQk,exact-md5-duplicate
162WhwxRFxtjmy--mHQJBSV_bEtABwdm3,rust_cushion_decor_0079.jpg,e06bbd29faabf1cda2b405dc57a0bbb5,227144,11zzv00lYy93S6C4SOt2_gaWzuLofbcxY,exact-md5-duplicate
10853WktqoJQ06rNRATl0iJw6m90Clnfs,maringr_curtain_decor_0054.jpg,7ee54e1b79ed9ecddaea764ab0bd76f3,226574,1-YTKpCt_uzd5Qbqnv-F6z5ieJ4NwMIpR,exact-md5-duplicate
1XkSarUhrc7DESIMcUUz30AZQwj0shlG1,cream_vase_decor_0009.jpg,647a73524b33369c177ffc73b708ccb2,225297,1G-po-CKrLrW2UPds_Hn3nAWKyxs05-Nw,exact-md5-duplicate
1Sd-Dyr7Ag7aUFK1OVV0G14xRXds_uoFO,medical_storage_box_decor_0071.jpg,ae62af803de725e8bae324922351446f,225212,1L-C5uHl7BIf36HANEkWQ1POOgj9TJPuK,exact-md5-duplicate
1g0K5AMpkFvoua52gYLF6A9H_fIJO-vSr,brown_bowl_tray_decor_0005.jpg,ccc33549c6963882ae6917bc8c2f7566,223303,1DyVflEhslE9tZFf6uMMikke-owSQ4QaE,exact-md5-duplicate
1iF6H3ZOEdbh2qQcYqgDXA9paQzEUyFKB,black_clock_decor_0036.jpg,b6dd4fea9ba97186004a3a01bcaadbc3,222552,1ZwegTOHfCGM6VOc4PMkHfqyUGtp99wGv,exact-md5-duplicate
1zRUw7pgJAXatzYTT_WTaymRIVu4LxL6_,944_1787426540868_976.jpg,5864338236074c1723249330debf68e1,220401,1hoCaf8CmgHRQS9NClujBdjclzYqhHwsi,exact-md5-duplicate
1bo7NSe99HIkQv8twbBXoY91w6fubESL5,black_planter_decor_0061.jpg,4318172eb530762fa040995aa5525498,220261,18Ajl_8xeg8noNfhNyOR3n3Lg_1IA-F-v,exact-md5-duplicate
1temaTHMYJhvaTP9EE7dEOGiGqlW8oVKf,rosewood_picture_frame_decor_0025.jpg,fe73cc4a2f5ced1e3cd896055dc64c09,218446,14ET13i85dbe3hry659yGvFk60Bmwv0-T,exact-md5-duplicate
1b5LZ8jpyYIxsMX4SFo6uQpf8BIeLKhcN,black_clock_decor_0001.jpg,5bf53bb75dd8ee620cb9e924a1502ca0,218439,12TsimvKg_-XH-r_xYKLVoPN4D7dup8Y7,exact-md5-duplicate
1rmDvcO3F-_lAimwL1qObB3XSDBSXet8k,grey_planter_decor_0035.jpg,2a23da0d73f327d143efc9a3cb45efc0,218378,16hTWbqxgfhz8Dll96bcIoOGcagj0176D,exact-md5-duplicate
1JFh-1j_yKGHzTi8Bzb_xdWWZN2AHeYbZ,decorative_throw_blanket_decor_0004.jpg,2799385861cba72cf86d6d0e77cce69e,215790,1F5inWYkyqbe88Z9RayZahQmTEkgiNFaC,exact-md5-duplicate
1mn6wr5aVmw1_Zz7JaAHOe_F85EnKobLj,gris_curtain_decor_0029.jpg,def9b52d99a533f5b7ebdcea0c1338f3,215634,1WfUajzzqAVdFN4-Tf7-hf3Jv3kDMZ8Ex,exact-md5-duplicate
1l3Lh3ohGxUyB-DxnQO50SHu_9mO1apSk,white_candle_holder_decor_0046.jpg,48e760f89e14f67c932241e73f87c774,215625,1RTy_Z4EGuPAyx_EWJgx-CklV3z7gqeDs,exact-md5-duplicate
1ub32MJ6_Vu-ObW62-cqqaW7Uo7UOP36W,champagne_candle_holder_decor_0032.jpg,5d82cf54b427658b0d75d35c66c05bf8,215620,15pQ-34kA2dX6IbL8hJsFgs3BEoK6UQqd,exact-md5-duplicate
1UdJKO6XMUIOo8pyPvuoIJENf2yw9GDSZ,black_clock_decor_0007.jpg,3d842ab9ee648f7df6c0126f69257a08,215506,10VQRTYYp02T4Bk0uoehWSDKtJDd9cMNh,exact-md5-duplicate
1iE-nr4aFbrHC-bk_3ALiEh1ghMdGfhsZ,medical_storage_box_decor_0001.jpg,c8c2f8db291be4eaa25b793953549865,215094,1PJ3Puwrx9En5DNqmSGQSAzEG1IeHjn6v,exact-md5-duplicate
1Mve8fUy4ig43m_9nG-_G3SGnQTv0ey1c,x_picture_frame_decor_0026.jpg,5b67f52086bacc122949a8603c0197c4,214971,1Lm1R_-oMia-BXWVcbfY10NDtrKqfx8Ti,exact-md5-duplicate
1biu8SQx_8SiwLxf-VVpvSl2P6MRKz9MO,beige_curtain_decor_0091.jpg,5809c64b5309658c72e71c3e76c9c264,214641,1LwUR3w7jo1xte5ZF1rba9GBOix6ruqkd,exact-md5-duplicate
1vg0WgHQghzphPGf0s7sh_DnceHjZN-Iq,896_1787426340997_923.jpg,3db4f3998990c4591b69b54732793bc1,214283,1eXOxOj6V9JGgoXiKOjtXX-dhVRLytUgL,exact-md5-duplicate
1NT3fVeHGzrRdv5GIiHMYW4nwhuw_Y590,white_picture_frame_decor_0024.jpg,aa38eb73f31b364ad84e7cc8e0a40c50,213874,15KjhXiBOi3aQBLo9zyLliN23xNFikmY8,exact-md5-duplicate
1z80WDCu5Yb1u8ZgsapNYA0m_0YfXUGzC,royal_curtain_decor_0072.jpg,dcd5606a4503886cb46c86ee3cca617d,210369,1gcN0wBnzRKNk1mI2Hhb1NhE7jxr5WrRv,exact-md5-duplicate
1mHHjAewg5oJC3IBzILl7kxKnxtN8b2JW,schwarz_picture_frame_decor_0022.jpg,0fd78bd130cfe18f03dd167bd4006234,210080,1NAfS0fOZYY4ZRci6hOfwNqsBObUb48gf,exact-md5-duplicate
1oJB_jda1QaWzx0YXbcUaMlaImVxqiQ3P,rose_storage_box_decor_0019.jpg,01fd67acaa0794c78ed5b5866a42ea6f,209098,1HyCnil1QStgaaVnaGGHHNVQ_0Hy9T5Iy,exact-md5-duplicate
1ev1JlmgWoqAdHEPRFQnzd6UarDcTAIY4,gold_vase_decor_0002.jpg,ecf5e41f1dd351a91ebc5cf4e6876ecf,208718,1cMjqCGpppnFv-5ANs1TEFP9x102xQ5rS,exact-md5-duplicate
1XMjDx2fwL16D8RhNtus0UVKmHQPr41Cl,black_clock_decor_0034.jpg,767c6256869455c695287b1b2ab8804a,208284,1Hd745lCe9SDZHq2f4BFbxJcgJ1nRgTH-,exact-md5-duplicate
18FQlWAxIk9oB6ClrxpyUQ_C-OTkJ-sxF,1466_1787514064542_1489.png,6ed673e145ad4c48b566eacb4992c7af,69347,1jR0xm98PevhTdIbQNDE7rKznKIjujYgn,exact-md5-duplicate
1cttGNXglW8pm_MmLw35UalZaFwjcWZP_,1515_1787514178528_1539.png,6ed673e145ad4c48b566eacb4992c7af,69347,1jR0xm98PevhTdIbQNDE7rKznKIjujYgn,exact-md5-duplicate
1d2xSLyf2cjHf_8AipiebWVySabTj950Y,1537_1787514245532_1564.png,6ed673e145ad4c48b566eacb4992c7af,69347,1jR0xm98PevhTdIbQNDE7rKznKIjujYgn,exact-md5-duplicate
1tA_dgNtaWN5XMx5_PW2cuI3sNQSUR9XU,decorative_curtain_decor_0068.jpg,920b5da27c466d0738cc08179af4eb83,207907,1FV_x6XevWFlSKpRdF5Y7BaLGXfLmSSIR,exact-md5-duplicate
1uhjtNZiBzEpJXCYTIcMNoUbiQXF7XBMF,black_storage_box_decor_0061.jpg,3ee40e4508f891dc885a85879c007cad,207348,1bLL6vhTqThcGG6j5RgjmLumWHKib1_Qw,exact-md5-duplicate
1dkkl8woozB5pBIdqUIhWYoctrebjCZR4,zwart_storage_box_decor_0060.jpg,3fd600f7153a751e523a6ae7db023da9,207080,1SVA2BNv9hLz59OHvVd9AacQNHKBYRLbJ,exact-md5-duplicate
1f7iIrQ-81uwzgyXW_k9tPavzuicVl66j,white_throw_blanket_decor_0005.jpg,8b04f087dad4a6da1dc443ca0184d594,206597,1HR-ByKYVJTg_IlnmL_HNQ0ajGaW6lplR,exact-md5-duplicate
1Jjscaxbra6-A2AWbPkuly3MQw7QMU1Yl,barnwood_picture_frame_decor_0017.jpg,d65a22da86f4b3c33bcc5409189eb7d2,206385,15pR_fhd4tn8gandzMIS_xC27YwRL7tDL,exact-md5-duplicate
1_4M7MKPWUiFyImb7aZ_x-yV8vxP_BlxT,974_1787512894620_989.jpg,fea0952562d326a4b6163210d0a9690d,204870,1yHUGrbNusJezcwsUZWYv7ZRmiCYn5L6V,exact-md5-duplicate
1yZ7uRZji6aBBrJeaa4gSvW3kdMK7ACYI,203_1787186765680_139.jpg,151902c52f92309412e4406b2d0145c6,204769,16NDiALu8TIGUY1TKX0UKNYU1VgCvEmFx,exact-md5-duplicate
1xX5XkZ7j5sQJS3BXVU7thTYi6T8DQZ0m,black_clock_decor_0021.jpg,a4ca70409524c721a6313766ff0f3693,204092,1CCbhz0aLVcfEgsTFXs5PTo0jhvjPmUBS,exact-md5-duplicate
1yz0Hv-0GSkjTEGRWsLBbYBGJIoP-0Z_T,black_storage_box_decor_0014.jpg,cc2043f3b712402df267001934d05f15,202845,1kYY1hggg0vvdb4u_CEYrXPBxkJSYhZGa,exact-md5-duplicate
1uEtiuFHj5MwO42vbk1KE6yW63WviINZx,black_clock_decor_0052.jpg,166341cb2c3b246f837f085130e64373,199929,1dgU5foLjA68QSaeQsRnMi0CSCwMHpViE,exact-md5-duplicate
1FZ-cJmQ6yYbcTrtNhuxYNhUWh-5ztTI9,45_1787448266192_45.jpg,f0a6920ed78a174ed562525c0317e7d6,198246,1TY_XRD-_KOMWp7rYMvA7fuHjFKXAQNLb,exact-md5-duplicate
1rQv3xx9oWV3WPOqHitpaWVQR8bB7Juy8,black_clock_decor_0004.jpg,b813f7cd5bf12d2fdab066f105240258,195643,1MIcUCQ1DHce7meweraWK67EcO4wiCm-K,exact-md5-duplicate
1knDqf58ogGUWfqGkHfI06v6UI6xRGpiM,stoneware_planter_decor_0028.jpg,1c4cfdf847c2e1ddc0b70c4cba8e5350,195340,1D1HW8GGtvlTBOefplCSWvwZx4AaX2n3U,exact-md5-duplicate
1rdI4S-vpPnNO_gVZBr5D3tABGGZsGpbG,black_clock_decor_0015.jpg,f71fc03cd0e5138d32fc160df754d6a0,195255,1UKuzQH4CbscY-bW-bE4Op9xwzfrYKjm1,exact-md5-duplicate
1vUWqhh-xl2ZqI1tStLFAHGQBmAwuElXH,black_clock_decor_0018.jpg,60ba73283974841e2be9e908bf1518c9,193308,1uTzioTQl7zHVw1P3igmH4d56BXBFJw2f,exact-md5-duplicate
1LgSu7ZadrOVziPkEDlvO_MLRlyKsYjNq,black_clock_decor_0053.jpg,2bd62b74e4e745454cbd12bcd45906cf,191755,11hKQV_LsNWYgqRLrS5UaFdMlo8sW3bfQ,exact-md5-duplicate
1fGITl83RYzQ5QJlG3AOhb53plzwG1JbU,3284_1787518262618_3351.jpg,2171e8ab1ce42f111a49c40e76b7af56,191499,1erFLTVH693ESvdSto0Ww3EMWdd21Cysa,exact-md5-duplicate
1wYS8cSXgV6sR6aNhMsDEF25XPWWBqsWe,stoneware_planter_decor_0024.jpg,96e52093d5d05d90f8a4cd17031ac780,191152,1JBlQaOrFjweltwt5snAhn5kLvsJteUhe,exact-md5-duplicate
1arEf5dFGdtMuu96axmzti47nXHIzK0XS,2022_1787452991215_2087.jpg,3ce18c606113b1988e8816d3a3a31cbc,190885,13XzVN2b5CbNXPeLaXyaq3TrpHvZDcNpb,exact-md5-duplicate
1bgD1wGuz7C6sYonC101IYGyY6ilPkCLy,pink_storage_box_decor_0073.jpg,bc93ecbba9e19a154d815ee7cb390af9,190779,1RLcK0oa_QTgA1FKTk0oMKRCgmmsYDWRt,exact-md5-duplicate
1gta5pMKhB6MIXnHo4OPa6hwOUlov1OzA,medical_storage_box_decor_0004.jpg,12ab9e2d05d1d0e3bf286e8b9faa5f3d,190612,1VCoLGvDDnnJf_lYj180-GvGVo-6YyDRj,exact-md5-duplicate
1kWoP-59BcOeA9A1cgQT6YtTc3_w6f1k1,grey_planter_decor_0020.jpg,c2b8347bd634aac335f15921cadad9de,189995,1ep8IY-kosN0Lby3U5ZrwWAZ5A3QyD-Wl,exact-md5-duplicate
1mmzmxz0pxIxaQULx0wcNud7PkIFfha5-,synthetic_picture_frame_decor_0045.jpg,649738a3adf91bb3e14de449cc81b828,189483,1MwCnoENwJNBUa22Wo8U9d5ZPbJMcGCBR,exact-md5-duplicate
1IGoEOMXSFik3BvgJXl8wgHF9h0b7rKsn,3353_1787456053264_3515.jpg,5230f2dcf29f80ffa2df9e3246c7524e,187513,1AAH7pj805WzSaPj_xyHCXK2YGYBXlEFL,exact-md5-duplicate
1MbwXSyjmFzmF8VC-dqgI6MX5cF0MSfcD,nero_picture_frame_decor_0012.jpg,b09a8f71b8922096dcee228b835d6b3d,187152,16B1V22jTWCR_TsijD85VK5bW2bIBiEd4,exact-md5-duplicate
1m9-exMHuwsK4pCXTvCEgoHGf8Wy8xYeG,grey_planter_decor_0053.jpg,9e1fa48ff214879309d38f2d282db33e,184066,1ac96Iu_AaxLI1G1I1g8C9z2lPmnBblhj,exact-md5-duplicate
1qD6gJprIDjCZBEpQF9xOjVOXTf_BVxFU,1032_1787513024582_1048.jpg,8b076fd841214b24c49e8c8f31cab92f,184057,1FYqZd5580CvL8ON49smQtKky81fmDvr1,exact-md5-duplicate
1wzUYS1qItfNJXIEukmTkVaAjfohbhXB4,white_mirror_decor_0006.jpg,fddd09e9be3e19159fc0ceef3299a5c5,183658,1h431ENs_K7l-8K_MsI3LVhe9M5wHVkW4,exact-md5-duplicate
1D15hAC3dB4lWFmYmwNMLAB_The8_Y_yJ,2818_1787454858168_2938.jpg,babba343b12bc586e71ddfd0fdeccd49,182996,14ALXezNnClfUjQHM34Wr06k2POCE98rg,exact-md5-duplicate
1c-pRIplkjpVj9FXHBDDixQcVk-TPDFop,black_picture_frame_decor_0016.jpg,64c77fdce5dcacfbf1b8077529cedd4d,182848,17iM_pBeXZTIq3fCTDnPyurLeRwDWWP1s,exact-md5-duplicate
1u3gLKb7mNfvhAcMxOlevdQcD4nIN_A5D,black_picture_frame_decor_0023.jpg,31595fd84f3ecb3398328ee3a598c0c7,182481,11UST17JC6kS8AqB0Fia-yOgOujRysiO4,exact-md5-duplicate
1V8p0iSUSFQIpgmfQTTtJ_R5gvbROReRi,665_1787449759280_679.jpg,253b6f76cf43bdfa4819cc49b844262c,182363,1za_XLmEMcITg6b_4Trx7JtV6-99UcSkP,exact-md5-duplicate
1xtr4HcJy6Z4gy5CYNumRAcvuiA4p-mlN,multi_candle_holder_decor_0026.jpg,f8086190cb5bcad46c4cff081d680b5a,180502,1JCgFKS9Bk5HzRFpYCq7aVD8eDK6XJ5OH,exact-md5-duplicate
1a9SukzrRheiCr2lLvzxN8kW4NczAQWQa,decorative_throw_blanket_decor_0016.jpg,58d5a98d13f03c3b39873aa1d5b32670,179984,19tTkgGrfvcimewUELpH9tnbWUgz5VqHQ,exact-md5-duplicate
1evbp20Km7jWOaJXCWGsJbfTQVFG-1LHD,151_1787409287620_159.jpg,18750f0adfd8ddebf62f2a30eeb7752f,179631,1aOT9y3FbGdxEZ7GNce-rYW5j9pzWruxR,exact-md5-duplicate
1QoJRN8m9npX5k39CExpNTKITqyNofdWE,grey_vase_decor_0019.jpg,93072d51d38736779e02d1cd53a88b86,179494,15ampPWgyf12_iT-tdlCfUfeMB2Ru2CUs,exact-md5-duplicate
15SosXDfPWUt2eFSu9s0YyK-wKp3BHAnc,grau_picture_frame_decor_0039.jpg,2b8934ac332318dd627db52e75f8ecd1,179049,14R-ubL1yr2b8PJm8ZXdvzx8JgXsUhCsG,exact-md5-duplicate
1M1g6-VeHTQmtZdh_qQ6iUjP26gnUkTM0,3691_1787456679269_3859.jpg,1aa5efec025fafe8a1d337dbd64ce9ea,178517,170Hsi_BTU03x3rK2PUc9jXaUDveXWSuL,exact-md5-duplicate
1M4K2tI4BxAdYfzAYG_nS53RlzTIs21xW,nickel_picture_frame_decor_0014.jpg,b33bb26c928f1329e6045259c3bd84db,178135,1KgL9jusuM-nObqUpD-2Wq84kMKaF72Az,exact-md5-duplicate
1ty7PwLKry6qaxfEOHV8g-l0DWB77uVik,black_picture_frame_decor_0002.jpg,b50ed95519721ddafa7a44f7910284be,178063,1tHsNnOThYlf5HM6AdFd6hyVfVwwRaMXf,exact-md5-duplicate
1i9oR8RhUussyiXwdmv2Q7D2t3zvXIgXT,set_picture_frame_decor_0030.jpg,e689c7db2846f82a127bb5fb689fc9ec,177378,15S62G2KbQmxdzGZAgps1EweSL6OZjcSn,exact-md5-duplicate
1ubaHFHm8WHNGA-w3ojcGKMY2cKEMEqiq,black_clock_decor_0010.jpg,55d5a62c905a6f37363209c47bc49110,177300,1OlsyR-vZQoyYDg4nikRMo65X2kX_6smu,exact-md5-duplicate
1hfRlY7rA-2w2fB-4R0VoRmHIwqAcf2a3,brown_storage_box_decor_0068.jpg,f7762d87549870186103257ffdad2f0a,176202,11ZEcEsEA7huqOkRm9NAC9MSmVPEv3W2g,exact-md5-duplicate
1ViYqY0emuCRB72jvHUPSFwn7OdTjEZlx,black_storage_box_decor_0049.jpg,45581d30685ff6c849201826926a9f04,175533,1T8Sq6J6KDeJKUpa_OxkCca_OwpJtggQa,exact-md5-duplicate
1t5HUTLvRf2OVNh00BI8pOWkkDiHf6VO5,decorative_picture_frame_decor_0020.jpg,303b7a22e3360ddc419e4bd6da5b87dc,175277,1SMCIbB7kR8tqM1fwpYI0IE8T4qxX6nKM,exact-md5-duplicate
1wwJ2rLoSh6o5oj4fdeInecxyS800MIqs,stoneware_planter_decor_0038.jpg,f8451b00f3fda1bf58a8285ae066584b,174517,1VEZx1OKtI8VF2QLYaWWGlqQRBgpifK7p,exact-md5-duplicate
1szCGQ9iyavZQPlApqogn_nsq7ivpgxkk,white_picture_frame_decor_0031.jpg,96c050097c0b07ea59f365a8446c5b28,173570,1fYhwUv6d9r0nB2_O36A3RP6YJkJQU2qH,exact-md5-duplicate
1laEnpzCb7PHtSvu-5JM7dkULjKP2kYkG,nickelfarben_picture_frame_decor_0033.jpg,4219d2300ae524e76411359b7feb91df,172127,14o_4r93ZI6zRk5JyxxbOA5nXpcZYG4HA,exact-md5-duplicate
1zGJOyeJ7vW6dSYBU4HnZubodtrYeQSeF,white_mirror_decor_0025.jpg,976c1a86398240caf5dd31647e1fb20e,171081,1wx3L1kE7l5TtN8HVZHBmLp4WuQT9x3AZ,exact-md5-duplicate
1t_iro9bpChILgc1z834jUWHAIHKtbzzH,brown_storage_box_decor_0038.jpg,2fb51ad2ff5c3e91b221f69b0d2ef9ae,170223,1fkeuQmidLbDMGShvXekLb7i5n9Fzc1pG,exact-md5-duplicate
1_Pr44useW7RW8vporGWbp-p7YSxQbuUB,grey_storage_box_decor_0067.jpg,f16236e30af761c11a319fbea039332d,169637,16v0-7ExzJ6us35OsBpIvcESJLswrGKXZ,exact-md5-duplicate
1vdlTbYbV8tlKBJDC4-b5XM09RcsCLe8k,decorative_planter_decor_0086.jpg,9a7fd5dbabe3e38aba6bee7a05ccd38b,168988,1UeMEZFkcgPzYQypmhDvbhl6zrqf97XSi,exact-md5-duplicate
1P-6b2Qm9mFU4klsRyNev7-wzSV4-yNli,white_planter_decor_0006.jpg,17ca67be9dab2076033962e934872f7c,168782,1NGYEDjhNyO2hdjVXgQjk_-TMMhIUg5a7,exact-md5-duplicate
1fzkQsbjMZ6iBGUz5VoIY9w0I5b_U3PMy,brass_picture_frame_decor_0004.jpg,b59f0140374fdf3dcc64b07c88efb166,168592,1biVB_8qWcjvdvCFka8sntRk4sw0DQhIR,exact-md5-duplicate
1Zd_qcqweC5B7C2D8d9vwZY82mqUTb87p,black_picture_frame_decor_0041.jpg,c83f61c89ee42d61f1d67f9d1a55d37a,168325,1RDbVaIJUc5yAUBx3UJicw5GDXfRVufX2,exact-md5-duplicate
1Xx9ensuEeQxKZ4tL7N9x-xpQzP_5p3_g,1481_1787188868690_1018.jpg,7ac46b9f70d26fffa2779ebdd31c6b3a,168297,1W4RujG--5w5cc3TT6R4pt6CW4VYwmFDa,exact-md5-duplicate
1bs86ZdHTU7PYR-989QaKORbuc87dHRYV,blue_storage_box_decor_0072.jpg,74a9e23a0a1807d83f4f0240e78e127a,167589,1IwPJS-G8lA53UPvQunjd-RnWyKi3Ocih,exact-md5-duplicate
1wcFFhy9BbKW5_lI-iT4p1CKJz17VpJM9,84_1787409126618_85.jpg,9ee1b4d40e2c9a477ec3e24aaa6aa11e,167035,1XrdVowL-SBPHIUthP07QxkMgv_horx-l,exact-md5-duplicate
1avD82BB-nAh95rx-TgdYLleLAzb-dSba,decorative_clock_decor_0006.jpg,adbd62f460c6467a86d1a4b50aa4d5fd,166876,1FaKzYhs2__CI-NyfgHzEIgJJ9XKMlKhd,exact-md5-duplicate
1cGTZqKddWCdtsdXkZv46dePs-O0SRB9A,993_1787430392715_1035.jpg,f698c43d8899a98f9b59f68fcaa455ab,166139,1bLacoBYW5Zl_TLo7cS2j7l4WV8Tyaqwd,exact-md5-duplicate
1cV0ZWvNjA0wQNNdqqfZ5VJJRasSz6CU-,1021_1787421350676_1061.jpg,34601a57f375ccb392990aadce6ce5f5,166037,1SXMot6bp5IF8j5Ap-E9fZIEQ8kuUQy-W,exact-md5-duplicate
1b6fDaUJiWck4uTh4yZQp0r_1GEKADonv,grau_picture_frame_decor_0001.jpg,d7590fa59aa8fa465788f4a818def358,165993,1OhGeO6g1PHU4MiJBwbFoBL7uLbkHvGVx,exact-md5-duplicate
1kbA-gE5kU824rF0drjIbRFgCF07cidto,beige_storage_box_decor_0052.jpg,8de7e7c62b3072b8119d5ff667afbf49,165631,1DV7xzIst2D_SytCtliu3VqNfGC4WEwXm,exact-md5-duplicate
1c1DpmnotCNBUZClYIYRJb30t4w1xlYFS,black_clock_decor_0035.jpg,f751541bf6dba43f196a8d013102428c,165006,1Zk0GENxNd8NxtprC4uKPyjhNnH01Edhb,exact-md5-duplicate
1QLMjwT09gws730n1JglY7QHSlgJIua0m,multicolor_storage_box_decor_0006.jpg,d6cf0ed524ec0a82bb0c484fffedd199,163578,1J5FOXzo2o0ncuXzLAN64emUK6sXXxjRZ,exact-md5-duplicate
1a59p2Hk3zjkGeylWuTAfhsw3sCzHUpwZ,grijs_vase_decor_0006.jpg,0a92d0b93ca85334d399827e9badb427,162536,1G43Z-yFWNXeCM3NxK1XhkZKIjbKCXxlN,exact-md5-duplicate
1uSA4rxPeVus8agLnwZJ-0kKx7N1epPV-,black_storage_box_decor_0003.jpg,dc0369aa6b41c4227b02956ccbd66eeb,161598,1dENk8b6krCMLdK790typ1GPqURWvwVrz,exact-md5-duplicate
1srYo2dc2YrmV30L6HSA-Hxu37Y0egjo7,dark_picture_frame_decor_0018.jpg,1e95cffdcda9d10214f89ed937f78b9f,161486,1XO21S0SOj8brRfx0QlDGQs_jjzXZnE7r,exact-md5-duplicate
1rIxI56ZogD_ivOGWaCi4FcGR2sLlQrlk,decorative_curtain_decor_0063.jpg,15ca2319af4b22bf9022a2a7f7603c2c,161338,1Xrug6gcfiAZBGBdnuTQYYGt-tT9AasWG,exact-md5-duplicate
1alUAyqFoCCSVlgM9ND7R7XSu1KUluL9T,black_clock_decor_0041.jpg,6687dc29bf3fc8cc2763783cae0d4c9d,161009,1MXBOciterDZt0iRUj2yd7Q9-fYOsFt0P,exact-md5-duplicate
1vTSKEKGqA6DNYOnaYXpmO96AoJwYUQO8,medical_storage_box_decor_0042.jpg,e6278bce3415d584309dfad2e6b126c2,159877,1YQXxPwEvYmmpLxZA3Bhmke5B2eAnTjY-,exact-md5-duplicate
1fEWFLhv6Qwl-AFRzGubBWhL5iwEa-aoC,black_picture_frame_decor_0042.jpg,acccbc30e92480a3f6693a838f0018d9,158431,1PrQnK8J1mttnB6sYXe83rM906oeGNZ-U,exact-md5-duplicate
1Nj4_r6Efd60vRTvPvw6U3_c5kbdizE2y,soy_candle_holder_decor_0045.jpg,5c9a51d24d83ed843704ce3c3a868239,158302,1IQjL1fvn-6sP6u7lTHz1VFzerzlThYpx,exact-md5-duplicate
1vQM2cGWSIKduWVnF6KBxkqXTYmVTzDbU,clear_candle_holder_decor_0011.jpg,118282582bce00478b54056165a64cf9,158224,19yqb0czsdFFQrmmL8nVkOPym9COAZqaZ,exact-md5-duplicate
1gYBnzJWG4201GYQgbsTKGqpbTAPvzRXr,dark_storage_box_decor_0037.jpg,da665e5909df05beb027a555788773c4,157581,1878jeKoY9a7jDn7S_sFZVjUdD4rHENip,exact-md5-duplicate
1ysT4pHVH2Zdqj1rXXIlY39tBmMRZMgky,decorative_vase_decor_0023.jpg,46e6e98fcf1ee2b69d33823580c83836,157538,127cHhohyyA1POYvwQP75_aEuonZbIiJ3,exact-md5-duplicate
1woO9JTmdRMKvDMaCrzilMrrJq1fW5d4A,royal_curtain_decor_0023.jpg,6e0d0158e9ad54fb3b4e768f47dfeae0,157260,1AQqsEoShwfPcOQxAzE_WfKpeEb-cK5cI,exact-md5-duplicate
1hIZAenw3aHoxnwaS_9wC7vlVdK-76dLI,decorative_curtain_decor_0004.jpg,ff2d9cabed5f2ff30d984e6efc880d0c,157258,1IYVI7TDMdpL0cX53BUkKW-tVRcoc9fwt,exact-md5-duplicate
1SQfkeVbcRvhm2Pudr_XIH79P7ULFv15z,decorative_curtain_decor_0026.jpg,ab38741e888808d5504926ea33b4d2f6,156311,1Jc2pz_1HpJvCorHt6BX-02Ecmb3zaY9A,exact-md5-duplicate
1oaGuQhRW-MH3Xpt5RcuadU2u-fY8waLy,black_clock_decor_0013.jpg,a5fd0117465a3e45ef448b30775c2c2a,156100,1lQqd8a539DBNZGR-_IkNtiZsOA9xrIaa,exact-md5-duplicate
1rNOCmv6Ar8ucU7PtEf9_CrOCG3gXHkT4,white_planter_decor_0008.jpg,bc06f192f3ab857d00e0703ec76f5178,155935,11oblTk8Thh-WPrwOtD-rqePeVucK8Gmk,exact-md5-duplicate
1XHwWJH9oAGjRRWQEOaot1Ks7-Aj-vsdE,dark_storage_box_decor_0058.jpg,e357fd246860e4e57a638b7b61531e6a,155816,10vBcTS-f_9_uoB7SzfchmL3tTl6vnt-x,exact-md5-duplicate
1oo7pPpngqr60dx20UlXt2ObT3SZoWySu,1004_1787450543126_1021.jpg,eb62747b0524a0f49da25d96e37882ca,155268,1uul7Hrh-bn_Oe41Xo1RWYYUIdvQ9ztDQ,exact-md5-duplicate
1zwL0WZNvtwCj1xBzm7d63z5sTBUuRzra,square_clock_decor_0047.jpg,cd1614ca7e49d63cfabf4bf47534e739,155223,1NTZWBTfDD3NkItGKAUHOp0oKkvwj6DZi,exact-md5-duplicate
1jHXIcXiuBSvT2yUg8MHdl5nYe2h7cTqW,black_storage_box_decor_0055.jpg,b83ce3d408ce2528e8c7241f8b7c12c7,155004,1Evsfo7wkgmvUrkb2dxl3fY5LsUnqFZw3,exact-md5-duplicate
1deNvBypwuvCiGRsOJirWQaqjapDSRhPn,stoneware_planter_decor_0014.jpg,95bf57482bba683f2597a9d9f38f82c0,154573,17EM578KaggcvPV0xI2ZE2QylbjW5jSeA,exact-md5-duplicate
1OaCCx8iJ3vqfFboWm9w4TzHAoSuMBtVI,beige_curtain_decor_0058.jpg,cc054617b540438a2bc9780cf2ff4d93,154275,198S7EwDfJIR8szty4wLCHEURO7FxuqUo,exact-md5-duplicate
1rD4BJUmdCe2GmHHg4XazNRgKoOomGHYP,natural_picture_frame_decor_0052.jpg,9e11150166679a83d0aad776653875e4,153429,1eZlMYmAconB1VKfisNBRPwdCSMLJLFZN,exact-md5-duplicate
1vqIdkUYD9lvEGYqA4kfGJ7H87I0ciAjp,brown_storage_box_decor_0021.jpg,ee5ed72546c49cc1da21c5aeb2c4d612,153144,1ScgS09h3mf2DAWEvCiAZcuaazFiMzm9y,exact-md5-duplicate
1pOenVPu31Xa5NB3hNnJTX1c5JHpsfOBF,medical_storage_box_decor_0064.jpg,ba7ed0774036ff38295563fce91faec1,152774,1p80LpFPlyjfB2cM_y8VgisFmwL0vIHB6,exact-md5-duplicate
1GiSpIlnimeCuIl7dKXRFI28SPvk_w9dz,black_centerpiece_decor_0002.jpg,15df4c565c395b04053a950cd02d8809,152620,15MxijuttvRaQk8mafRYs9--WVYmSXFO9,exact-md5-duplicate
1g_WQGteVEkpHj1nucx08Zs8L0ysnOaWf,white_curtain_decor_0038.jpg,f15468ac1dda3356ebb613e78b171d2d,151381,186OrMn_oEQ96iWsw19pYZzUbmTK4C_eo,exact-md5-duplicate
1Ds3tIG0U0RSLylmod3VYJ3nrpPybRu3D,medical_storage_box_decor_0035.jpg,ec49b7167d704b6efa16039a33fddcfe,151147,1CKc4l94naLPfF9HO45H-uOd7GmXW1m_H,exact-md5-duplicate
1y5SmOoVlP32F5Fxh_Ylmnwh3ane-hdOv,dark_storage_box_decor_0020.jpg,237d648bcc12d44fb708ed694b7b1ae4,150447,1qLo2U3VgJg8YF2v_DzSFkcQR0EaafQUK,exact-md5-duplicate
1m9SMXbIl4EMlwK1QgRC1vjjSMhbuH8Mn,brown_storage_box_decor_0002.jpg,b30ea9a9ae42b8f05820abb387655519,150103,1RpV9ieSLsZdlmTYcXPExXMevlryODpZX,exact-md5-duplicate
1yfSSJIkq7fYQbBcXs8T_ElSSEFqOjdmA,black_clock_decor_0062.jpg,283df4df9f8eec7329aaf5d4ea16682e,148990,1RYAMYM1ip8H8MnOwUBDzKc_roBHw9jLi,exact-md5-duplicate
1ctWLKTHlO-p7HExlpa6UZMhrYd6BN9UD,black_storage_box_decor_0028.jpg,5d3268a9633e2b70256caae9cf846ee6,148941,1OW1KBH4ozACUvtkX1GQsDuJx2Nv0_a4C,exact-md5-duplicate
1BVRf2305L460mdHSpt-J0H-kXWS-AMd6,1796_1787417660740_1861.jpg,db385a1adf2a8cc2c17bfc10d7462b0c,148254,1-g2K-osLR5eE-LQxY_n_Jy6QfQLzyoW1,exact-md5-duplicate
1r7MVKCOW0hC7-QrbblTStnglecmdvOyk,dark_storage_box_decor_0047.jpg,b31099026a7194a8344955db4b8a8cf6,148058,1T9NoarDeoskYYqqYNxz8OesUPBmO9r32,exact-md5-duplicate
1gEo2kMcbOHmHqM2kDBeS3Ew3IoO6aebE,bois_picture_frame_decor_0010.jpg,e7d9d56a44a0b5dc2f0983279d199bc4,147794,1SAz_qfu3DcCCAQ_zhqBiZInbWnj0Thdy,exact-md5-duplicate
1d_0wapad953_TPTeB9nc7G4tjVPKQ356,black_clock_decor_0016.jpg,efa5a1c72bbc7d4ba681e8aa38a04329,147656,1cE2ual6ogKSvEP_QGcwgFVJHUYilcxhg,exact-md5-duplicate
1jPH2lWOGzOOkzc-x5yzzjr9vvQRtGH_7,black_clock_decor_0058.jpg,b2cf67327ced1dcbcba3b4a01b485955,147535,1Cf45pw7Cod9U3AqS4n-zh-K6Xml_B7nB,exact-md5-duplicate
1VFxjKU_-tSfwKectjCfpKUhKTcj-8G2a,black_clock_decor_0008.jpg,18ac16f3d6a0ac4fcfa329d92afe0da0,147170,1Hjx0qJ8NDQ10Qq33AlT_lwUlrq_lY79Z,exact-md5-duplicate
1y8LOwifnLLyxXNP_x7ms5SB0zvs8szbP,2750_1787516982502_2795.jpg,57b224dd63eef44bd58bc11cd3c8e898,147015,12Ta706UCpPNM-EDorqqinZC8MwrYboBE,exact-md5-duplicate
1BtvSq3ijKRQSArW4etnditLMRTgfta9W,dark_storage_box_decor_0024.jpg,e18a232dd537caf3842a3a791f4c91e7,146934,18QDK0mPrbmQzvPeOYQZEk-4e4QKqnT17,exact-md5-duplicate
1zlrXVg_sR1uPBIpaYfOlP8raboaj7ulX,decorative_curtain_decor_0093.jpg,c6085e249045fe477e52b40ff9047ca9,145526,1zfSnWDirhK6zVJfHq8WMNG_vigRqm0bA,exact-md5-duplicate
1wsceYqf6u-KCtSN5QV3zvKbxamEMhCc5,1543_1787188998640_1076.jpg,b10ee36740209ecfd708e4be3e2938f6,72544,1vDKO1wAwdczypGtNts4gCPc8idn4AdzM,exact-md5-duplicate
1WWnYtRyn6WWb2B91GHBBm5CblCxyhkxg,1686_1787417343583_1734.jpg,b10ee36740209ecfd708e4be3e2938f6,72544,1vDKO1wAwdczypGtNts4gCPc8idn4AdzM,exact-md5-duplicate
1hYDmqiXzm7f7ocTNQKiV58rkfXjCQZ1e,WhatsApp Image 2026-06-13 at 6.03.46 PM (3).jpeg,8de80a277d7f3664c5467f02cdf33666,144469,1OLI3jKW7cdkC8y8onbrmcfn_sBEi8fhY,exact-md5-duplicate
1f0DERZf9vQMzjOVUJEmu8U6NkgnwP1NF,stoneware_planter_decor_0026.jpg,8fa9db2c465102d8981a1475d0d36720,144336,1XOy5baaVALk6621XvLB55_21c93Sv3AM,exact-md5-duplicate
1qTai156LVYBXG_Q-rQGDXEl2cy7WDtgV,clear_curtain_decor_0013.jpg,e9708eb0cd9654ff4e09750cc5eb34a1,144153,1eBe_rQcCqZ_KMBRM5iWG5VBLhveBoGD7,exact-md5-duplicate
1lvrw9Yo2jGqxKt-J1WAvTsUnLseRIF36,1644_1787417221608_1685.jpg,33dce4ddcf142be5cd3b7712b4c05177,143927,1LWLKZkIQakhmWBYCrp3a6rMcQoLMprYY,exact-md5-duplicate
1Xd25wFm1cZ8E8uBXg2jyDV7f5R-j5MCh,white_planter_decor_0076.jpg,9e506fca547365f2581e2eb28b2bbe0d,143910,1LyGQsnsK3E8padblvom2Pub1kjDoQAjt,exact-md5-duplicate
1ES8eCBNY8OPrmUI0Toxstl75DpdkJMIz,1784999261227 (1).jpg,e96f82e95ad2dd99a679409677d7d2a5,141058,1ErCz8LclCxDS4fk8HBzbaF3qp392-ocl,exact-md5-duplicate
1sbj_RrbALun96msEspWvYW4fpwbCvR1n,plum_curtain_decor_0065.jpg,6bb533210fb8bf205d15ce9ee097ca35,140935,1WncDWdphgvCzCA9YDsc8TZCssLa5fqAF,exact-md5-duplicate
19uTzzYsYQjFC4iKf0hSv-lWZTEkznq5l,glass_mirror_decor_0026.jpg,b5538554d8ef92bc57be367cd79441c3,140393,16abcXpSPFzAbK3D8Are1UZSkDZF7O_ML,exact-md5-duplicate
1PmV3To5lo8zEl07WwkikxEgm_9mcUWYx,wei_wall_decor_decor_0012.jpg,3282090209859613067dc5e09415909e,140220,1Lg6LAbxv8GWF3__lqoSEjZ0xVtmc5htR,exact-md5-duplicate
1ufH7lIdPHXZWpHyF0v9vSvZN5qP6ECky,black_clock_decor_0029.jpg,7fa68146fd533daa9a178f43ab938dcb,139986,1cznbt0ytScNmtnKYbODcvtcN4fys6_5n,exact-md5-duplicate
1wQ_6x6Ef01Jmg9uAd3LwS5zHq3DO-ktz,WhatsApp Image 2026-06-14 at 3.20.50 PM (1).jpeg,00ab92927e9576fa6b4746c92895c3d9,139562,18l52KmJABSNHc0B8AJPh_LFOYGiP5PZK,exact-md5-duplicate
1rDD3U-Gf14iTIxo3bGnuUD8U3zqINAeb,white_vase_decor_0011.jpg,07f875f5e8940a6bd299c1624bc4bb4a,139344,1c7ySJXJhtuwjkgSC4-hg6TZ-qXk22OvT,exact-md5-duplicate
1l0BgmkBkuBxtb6XDs0uJeOajJaRUrsCJ,decorative_candle_holder_decor_0002.jpg,58723f616f43cd243b9b29b075a27634,137297,1ZsKmM2LJPve6IRoRIRJvDI1AzFPmm18g,exact-md5-duplicate
1vzG6o74UqG2Lrc_abVInkKs-dK1yEDJR,black_clock_decor_0023.jpg,5f19aa1824e6728177b90eeda8315a15,136985,19XL18YeqGLsQWmqFvwQqJJYSEmmLXH9n,exact-md5-duplicate
1ktp1rDVK30aTa8i3wRgxkv3Urv2U0RnU,anodized_basket_decor_0012.jpg,b0fc975b4c0e60f58177f66155c98c19,136666,1JGB6uyEtrB_i-WNi4aGarySSIiWYzopf,exact-md5-duplicate
1_0UVafPV5nvX840ggUrp_VBg-Y7WotGB,black_candle_holder_decor_0035.jpg,384f97dc861b9944c5803182fa8d83bd,135957,1KdVBMqiP5qH2Gu84UOJ9inYmN44jxcJr,exact-md5-duplicate
1Ra22SQ4pb9Vk_6wS96XJV2QgHSXLmHWr,black_candle_holder_decor_0012.jpg,a3a58d1ff33665f86766d3122db57d47,135155,1EnUuboDmKN1CYl9Gc9cWBHWfrBvRLjcp,exact-md5-duplicate
1iyAebUvFTvZr12ffqdDPSgkPdW85AXM-,wei_cushion_decor_0082.jpg,6723c523ae29ad26b36b7c402202eb6f,134955,1C52mhT7IBflKxj4xcvsgbRM6R_IFPb8l,exact-md5-duplicate
1_3qyvalU7LtE73yI-Mpw-X72FwG1s1NO,dark_storage_box_decor_0051.jpg,70857e3ab10bae499e6c99eabfc97556,134425,1KjtoYrOTacRFOHRMA-5Wtff5TMuQdugk,exact-md5-duplicate
1nF-iqnfZwbaOVIrSbwUeaKqcto2AEusw,black_clock_decor_0060.jpg,c835fc13029ba768772409b44d44a439,131905,1S7hsNqrqZIi-Vd3V2X-LVPDsq49AV3jk,exact-md5-duplicate
1zGs22pZ0clez4zgBsnM1j87jnL9mykPf,brown_storage_box_decor_0005.jpg,257659a00bf29f1f195a51326d3856d4,129834,1YwNfzbxzP-hkZghFAs2gynYT8prmmrTm,exact-md5-duplicate
1HK_mKIXGfIEmnWz_HigPygII0psEynWh,light_picture_frame_decor_0006.jpg,db44d53c21328dda399287aa37e76156,128762,15wjD_AgXS_AiaoUYnE8OeEvMUo7iKn_4,exact-md5-duplicate
1RfRdAHwBclHs2k-PVqS6JHD6gaFGVLgp,grey_planter_decor_0009.jpg,997382f0fe98da846b14c68aba453bce,128583,1O4LiRpkeAX8J1YRxQXgKLLo1w1Wroy6z,exact-md5-duplicate
1qu4KTtBaSsgeDYiENT37DcQi565gBTGl,nickel_curtain_decor_0031.jpg,5c74e7bdefa7ce11f915da740967e238,128272,1anfEZIH9WChTRTHP-e8vfLc576Q9aSHk,exact-md5-duplicate
1xENuZxGnny9EHMepkWRFGYmSvst0vE5n,wax_candle_holder_decor_0018.jpg,0e2eb6ceebe0057ebd5e68fc5e323568,125881,1iglUafwNmjJ9bMb1C__0GZB9IKpKtYKz,exact-md5-duplicate
1GFMuzalzUMBhdEJa5D5n66fgzs0YQ3sN,1785363893140 (1).jpg,766d235dce8666364ee43b435ddecdb8,125565,1KlNmKGbwTTPG9g0QMkzkHRNFsC3a5IFt,exact-md5-duplicate
1zzy2rYMtwuYp3EhTn5M61VUsmBmEXf2t,royal_curtain_decor_0008.jpg,86d1b8d7b6381d8ae48fd31009a38a5c,125238,1eJAf3nboZaiVMf6ieruVToBv8QXF9V3d,exact-md5-duplicate
1bK8Icw8xk8SBqhGHvOCwD6sz-yF20TBb,siyah_centerpiece_decor_0001.jpg,c45cb9adc9ee10c3ee6e5130cbc27926,124927,1NG8O-byI31_b-oDjMtIxhTHe4Rjs31r9,exact-md5-duplicate
1tK0c86P4KcYpek10uTv_nr23x2ovQJcQ,decorative_cushion_decor_0018.jpg,e9757559e810866d5af5fe21d33643a6,124628,1dquQPC_zaSjASjGkVM_Rssxd6LpGhLsE,exact-md5-duplicate
1Q9Ua8uVGeX7LrCrP9A1xF7q7II84gkih,stoneware_planter_decor_0001.jpg,18a05213305067c2320e8748ebbaa213,122572,1KIuR5dJ3szMS56uvKl8UL5BK6ylIki-N,exact-md5-duplicate
1Zli7kyDXdiNpzHi2ILA5Z-lB41pvnP8r,multicolor_storage_box_decor_0045.jpg,1c04439cda8bc0c8399e7be338b57f55,122530,19q9G9UTHDZCOTBe79EdrF94KrqbhL1yU,exact-md5-duplicate
1fxbU7O1U7a-KxH30YPUY8RMEgpa_FwIB,brown_storage_box_decor_0046.jpg,34af0c2211120dbedb83bdd5fb3be7d7,122500,1ePiqUPGp3r27UucyamyWBz3U0FbE_0Jc,exact-md5-duplicate
1RD6l8aDjvRdzcjCKj2rKpcN-sLiZBeLQ,bois_picture_frame_decor_0047.jpg,5f4d53202f2d7bfcc238bf59461aba02,122060,1MK90cbwDJdufyHnagZ87e3lrn3BBWr16,exact-md5-duplicate
1d6bzkyeTHts64AV1TZnHaShypG68NTdK,IMG-20260815-WA0112.jpg,11d1ea913926e401d114cafae8d65802,121067,1Dx6RwrUnN5VqIOiyBXNVhbMpnfsM7hNL,exact-md5-duplicate
1U-cyn666xjL6mpDhuyLIPnemZx7-X8Y2,decorative_cushion_decor_0043.jpg,76ddb3739d5232904f8fa27c07ab53a2,119556,19TMTzmZjc316bfDPb_fbW1GOY6KhUQI-,exact-md5-duplicate
1fnQH6d-w_h_Wrd-2lyRrz8XzABwthl_u,medical_storage_box_decor_0036.jpg,66049f3974df4829e491121fc5fb735a,119430,1QMXITHQK8qhrB-1FKZsP83sxkOrQFD7H,exact-md5-duplicate
1iCNFqr2Or4andybq2-xs_z0wbejXgI-4,brass_mirror_decor_0021.jpg,3c3deeede12f325dbf1d866bec5064b4,119295,1_Z0QF82JH52yyM78ZDbmLS93TZ_Uw166,exact-md5-duplicate
1wECTMwhBzrYpXMdf9NTJslqowlTip7b_,others_candle_holder_decor_0023.jpg,36e39df4f9215b71f6061774efeebf0d,118662,1C9VPdYhc97PTU9vaNEmojhY7zTdpd_0B,exact-md5-duplicate
1S2JxArFM5q54tQVn4SZKaFLYlSJAJXCG,624_1787449657213_638.jpg,4bb06240c08ef26ce745a3fc3e7ce047,118237,1U7Gi1lGo0WG_Qsqd4EARW_iQsgepJ7h9,exact-md5-duplicate
1_OHvEeAoglEzYZBLJ2jKlNrPckkM6GPy,844_1787499798568_877.jpg,706136a9b56435482f35b04a8aa3da97,118208,1MfxFMag4Ka-raOLdcKCd75iae0sglmWT,exact-md5-duplicate
1v-mlYW_qH-lMkCb2rqiAUVZQSna5UUrJ,wax_candle_holder_decor_0040.jpg,c1e98e28e047344489721081607661f6,117226,12K09rqr4kRaoBP0MMn5xYzfAx7KUagpn,exact-md5-duplicate
1T77NkLf7vMkdMUS4MOI3AvL66GsAEeih,decorative_basket_decor_0009.jpg,598302f90bc6964dec952b6d25012a28,116614,1BY1E7cRz9n2elIgYhis5CCuNhmXLmA_2,exact-md5-duplicate
1nx2IQfBgEljhnX4dUJLMQ4UZEtjt7Bg1,1785916121135 (1).jpg,94ce96a4e6ed89a8ae529527c3699b10,58116,19pYf37bohb86Ul6XYj7LGeBHevayHIgx,exact-md5-duplicate
1BNwgykh7Y1RiGrSpd9dUbUuPRK9CR1Dj,1785916121135 (2).jpg,94ce96a4e6ed89a8ae529527c3699b10,58116,19pYf37bohb86Ul6XYj7LGeBHevayHIgx,exact-md5-duplicate
1jqMHJ_g4_hAOQxTMKTPzkZfef6-NZhNa,seafoam_curtain_decor_0090.jpg,cedc60f4ef3ff62e637a4d3ced604ffc,116211,1TsX6xD_dsTqJt2pDGWRQpCQSfo8ugD2n,exact-md5-duplicate
1wiUOE-J2FVt9RjgNA_35Aaz_yhlsVaW4,krem_curtain_decor_0046.jpg,249765df6a4603cf36ec98fb5cdf412b,116034,1Q5eiOApzp0_hzpWVTXB0FCDOxp16Vyrt,exact-md5-duplicate
1QYCTB0Qqt9F-vETsKE_wS342UPELJboB,decorative_planter_decor_0073.jpg,04b38ef4da39f8588225c568a54b4eb5,115232,1JOMQsGBvo1QOd03MiZ7pKyA8e_sO4uT3,exact-md5-duplicate
1xXusHw2XQxFons8-q32SWDIdOdvi7wyw,black_bookend_decor_0002.jpg,e03987ef1f4732672efe12d1de8a26ce,114999,1ilnnXn6WbUtiDm4dL1RomMKLEGlzZPZu,exact-md5-duplicate
1Fjlb0afPIBbF7kIzvS6WPt8rSWUpvOu0,black_curtain_decor_0076.jpg,0615a54e1455d920d8eec9685592f09b,114710,14JY81dtpIujYEhKo-PaHWkU6JBYw1QCl,exact-md5-duplicate
1QZ3OXpmYernAyzh8O7psyK4ez-7ySMox,150_1787424609034_158.jpg,ec2e4b7316ad9661f4d73ab61987bb79,113996,1vdYTrIKTXCAqm0PglSnspiTg7Jq-ghKy,exact-md5-duplicate
1y40logkW-L-GcXmUIJsxuoLwfJyVgvqs,brown_storage_box_decor_0016.jpg,76e0a6c30342527ed10f73bd8004da6b,113973,18MosHWFfO0YHVY6qEyzawIpZ2698hf-E,exact-md5-duplicate
1ofu1UBgWjStFcNQnlMU3DtXyto6devui,medical_storage_box_decor_0062.jpg,8015118f5d7c98f5b6eb24dbe1aba1ba,113937,1Z1VSIJnTE_OV3JnjW5VAjuUsoHYiuT4U,exact-md5-duplicate
1RQFxGDyUJSW3b1rFEZRqCAO2jYx8Rmpf,dark_storage_box_decor_0041.jpg,6edcf40771e81b0eabd6fbd57803b17c,112735,1CdXxTvWUf9IODmqrfcUmpiF4K8lbVvSH,exact-md5-duplicate
196xavpre2ntel7s2bwUp-HeocI7SbR8-,others_candle_holder_decor_0015.jpg,0035052bcf4d1ffa016200a0f455f452,111414,18htePn-O8OHZLLpznTgyLrHVhcjC_dfV,exact-md5-duplicate
1RDYVUyf_9d4PDeFv2HQdP38qwYn1O9Ec,x_picture_frame_decor_0015.jpg,4d39463012060093a9343cb0b88ffe88,110607,1OemmLEcH_dS3XCjOvKSkivsjWoQNhPFR,exact-md5-duplicate
1IyyA2v6Nu94DWMyCWsQC46qhPEYs-UAZ,decorative_curtain_decor_0099.jpg,562db8eff8f85b1d9748266371713864,110462,1BKguScac4LVBuWwcbQx6w_CbZS7YJV9O,exact-md5-duplicate
1RRDL5I1FvZlArhqV7wzWKfko2E5-X6id,spanish_curtain_decor_0009.jpg,632d78d5bb55e0b6ff5318eb94503acd,109931,124Kc3W75MaQEibo1m21P8VtSpmhRrfLN,exact-md5-duplicate
1DbyflLSFcR1e9mmqEHtAcWiNwfZbcQ-d,glass_mirror_decor_0014.jpg,6974c698eec8f2e2ad522e7cf6cc819b,109411,18C0Ow0l6su1mETBHzKUtvFztGaH4ENoo,exact-md5-duplicate
1zHfwSRGiH9DzPb5GuXa4hjQJg1Fu6fHS,black_candle_holder_decor_0027.jpg,ca553fb936b7e6a7fb995f8920a671b0,109293,13SX9gxmTlLzsJPykNJP0IZPKiJx6mkcC,exact-md5-duplicate
12xADZpDH5wEcUAlnf-yJLTObrg8A0qNo,1787117767923.jpg,52e733be302a9ef9c3caaf25059df564,109237,11V8x2Cf7kceKXy3-nX-Z85jbzPJZ-HiT,exact-md5-duplicate
1yWhVgSXmZ5__wVKQKf-17lQaIZrrE1IL,clear_candle_holder_decor_0025.jpg,659edec57668606c3cddd48918727a4f,108751,1RsBa6GHJiI1EaRl_sOCzyoU776lPkJMe,exact-md5-duplicate
1o977Q5iWpR5iBJ1tRSxGyPo7SsDmD1yr,brass_mirror_decor_0008.jpg,818c7d9c11ccd85a0892083d7d2081d4,108335,13_b_D9mmAgEeyvdhyRE_teA8ApgOWntO,exact-md5-duplicate
1mPW7CBEvoDJM_Gcdg3HvKnUVSbSjl1Q6,walnut_wall_decor_decor_0019.jpg,726e6091a811d003b0d41f5431c028ce,108321,1SqklMLtpiDQ8QtGAdJKeaoCVX5lCT1hC,exact-md5-duplicate
1YtptlYe0lMrnOo0eYVvXhgjlik6W1P-d,812_1787426106959_829.jpg,0c48f84845016750e467281b7a252e2e,106849,1MP10daTFD0Btnhzyl3X275O7NYX6tNZK,exact-md5-duplicate
1zwFf9w-P14oxoK_Wz_YtD9xJ_H9Jl1tl,decorative_mirror_decor_0017.jpg,66de9079e2e87ed86613d6ff4d17d0b3,106394,1Ce8GXDmr8KUwSNjb30VcLR9VpxsAQDD1,exact-md5-duplicate
1pcGsfhPgbhriZ9FgZbSMKaW-BmEMz4Zz,schwarz_picture_frame_decor_0034.jpg,ae905256399e030c1312927b9ea279dd,104375,1OQXqJoS-5CJzbi5sVA23faQXIax-eNu7,exact-md5-duplicate
1b-ZaoDiR9G8Tyx68lvR9ScE_HPPHtki8,black_clock_decor_0050.jpg,61dbbe1385d6d0a06d5a1839cea6146c,103796,1WR_DH-k3hTn-yvBx8evOq9L_Fq7araLe,exact-md5-duplicate
1vw1SdAlL6K8LV8g0PITVYhiVQ9WsLJVd,black_planter_decor_0064.jpg,5ee9e9fc7a8ba208d4bff5598565609e,102650,185LxZQjGV4haG5nQJ0AL0YdOPzYcAdzk,exact-md5-duplicate
1ocP2XV8OmBM1qvY1jZE5XEUtFrbJxzpW,1784281025782 (1).jpg,ef105df30119192a2510893761991985,102503,1uLCzxDkMcgSNL6pf0IBQSQSUbHJrvgi7,exact-md5-duplicate
1qhYg2zSDKNgo1UYIDeXOMHiNKiKmBZSN,blue_storage_box_decor_0040.jpg,816f6c0b097584d911f99f3c97a52ff1,102486,1cXjpDD6lAm9Y2LoWrG4c04ZRk0od8bPT,exact-md5-duplicate
1ZZkapNmkkFZL7ceO9I1E5D9i2bbMitf_,wax_candle_holder_decor_0037.jpg,6910e3214805c13aacc4d46708ad24ac,98399,1Qe59FaeWYgmqMfVCwOlaUy-kKMKF-CfG,exact-md5-duplicate
1zJ-vIVFi_WpdFhGHVftLA3_nFUgN8zzV,walnut_wall_decor_decor_0008.jpg,798be16d8a707105434748194b0a3679,98166,1hO0NxHtav8sajdQDbBC8Dubu09RS9r46,exact-md5-duplicate
1UnIkthn-cBT9xB-2grgp0AqrIEUHtZb5,nickel_curtain_decor_0014.jpg,0969109d1581f989f1ed34161d343e60,97743,15fPDWyjLPvW_VOmnkUQEAkSdP1QtfnjB,exact-md5-duplicate
1t5iCFMng8eynYIyHEhjikd1U4V9mt16C,1786778611181 (1).jpg,4d94578fff57b123f9f3780a6a445e33,97597,1YYByG-2neE9zO3PlFpr1FVYPxlRczpAX,exact-md5-duplicate
1dW62KQdg24U6E9M-gXX6QG8lnJAXiKda,soft_candle_holder_decor_0034.jpg,8012ee665c8ec7f5e63036f1809b12f0,97170,1brwWJlKxU4JtyJVmWOOFyD5AwtCg_raS,exact-md5-duplicate
1wQJMFWPhtsAH7VT06UYd6UBPfUdB8aLK,others_candle_holder_decor_0004.jpg,1a052eb04f207babc2298da821f64685,96135,1WkZpahWoCSUoHoSAx4YQKShyfhF82AIj,exact-md5-duplicate
1afdFtNowI0fANVbiSVzhiweaY9IX9pA6,1786646431631 (1).jpg,146ae37b47a3834c8d8f38be571b37b8,95551,1WN2x-kdX8a5kr7bbvf5ykGR6Ygxt409L,exact-md5-duplicate
1kWGzF15YOaRUNHaJpCRDSiDC7BHpkeYD,black_mirror_decor_0005.jpg,57ced7c1e50357b2a8fb324ac5093094,94881,13rWqOdDVi67wieEUj8oajr-ljXSjpxIk,exact-md5-duplicate
1thNijztrmguYAJsE2PHHFrm_HSrxjDoR,others_candle_holder_decor_0050.jpg,5b86bb16007e582f3768b72e0a993146,94848,1U9Pt49LB32oOzWeGI6cf5j7oHTOoN7tQ,exact-md5-duplicate
1IjZoiwwccc_uVJYIXmy8uTyjZgpVa7a1,1785412367054 (1).jpg,3e87431f3baaa8ad68f946a932e7fe85,94135,1gmfn1TxcZAZriMnGa31uHqaZCxdtjNw-,exact-md5-duplicate
1Phcao2tshIf79OEFGaYHnU4_l6DN32nq,seafoam_planter_decor_0033.jpg,a54698442d303c9f68883c64cb035739,93514,13R3rtUJAU431aSGsSZxpVJ2PCIcxngTT,exact-md5-duplicate
1xnn5mtsjINhOPBGIrXNao4Bu65ahui9a,others_candle_holder_decor_0042.jpg,3afb382ad2fb8ff9f4e33c3eb475bb2d,92974,1Tbqn1rWU_0kBbHy_R1_SMH7tzbVihi__,exact-md5-duplicate
1QhvoAVvyQ23Kahah2zkDkjd_RgVY1KgH,others_candle_holder_decor_0016.jpg,a1dd7f80a476855d5a3790f196207beb,92632,16cLBNOCuhKY_l9WzL-94OR7QLDHs6BZC,exact-md5-duplicate
1oacTMarcKTYqrIc94BqmfTNBHFDBD02Z,white_storage_box_decor_0044.jpg,f56bf50561942e8eaf7e5855b35cdd32,92347,1_7m2E2JzDJ2wm3XAyZi03OcqNJJeGNIT,exact-md5-duplicate
1NtQs0_iz4nPvRqgnQTyEjbgB5t0ogxab,1785847614543 (1).jpg,5be1d1fcf34aa403875bf670401f01d0,91985,123gnypHLEwjX2KKufMm4mGVixIf-ln-h,exact-md5-duplicate
1Xr2rtbpkXKf6DU28xqt5rt3KwuRHH99g,white_planter_decor_0023.jpg,4dbe3df79eec0a069addea72ea704396,91781,1VANgI2SMMzCa5WdIE-nVAOrlvYT65gDq,exact-md5-duplicate
1FvSAgoMgENpYf3SSvpPlnniouNtTFnO9,decorative_mirror_decor_0007.jpg,a3a0d9788a90381302bb0b96fbd2647f,91754,13TghYB7l2kJFbIcnebAYCi1aIMjXCqQA,exact-md5-duplicate
1oBW3JB5LoFN9OBDsrQwQLvuQwt7zkaeP,1785101008138 (1).jpg,3cb16a5cd754b68ef8b1cc38bfd8e5e4,91751,1A9vXbczpL0CbJ5e4--Gccgsq67AK0Z70,exact-md5-duplicate
1ltpIxHbxuisHbbZrNiHyqUJkz1PG95nR,grey_planter_decor_0057.jpg,244362340f64f387c2ecbefd24fcfc7e,91665,100-nc7ZVc5KMEQ_9xxy0heNI541EXi-y,exact-md5-duplicate
1jM1IUM4i_xtLtZTn4o8T68u5B1paCjVt,black_candle_holder_decor_0031.jpg,471b5ad222a73dad83a78dd3eae8e838,91286,1Crxtv5429_4d0yMs8HXU8ZEc7wtizdY1,exact-md5-duplicate
1EqEoeZs8Q5IajI9GHm0P9bKn5peY6nqw,decorative_curtain_decor_0015.jpg,1e94974a2aa1ddf7b92a83f6b8a185bc,90832,11Rdn5-Hv8sNxorz7sb5Yt1RwzmX6WrL9,exact-md5-duplicate
1ZfhRDPNqpUg312IcuJGUeqof6Og8jLVh,1787032669874.jpg,6ba353fd6ff3646511bf9c71af7943a4,90594,16YkiCCS0EWWVfkbisKziB2dCEboBFniu,exact-md5-duplicate
1Tw33TOCaZjo7afDLw-Q8ckmwYJql9yQ9,white_planter_decor_0002.jpg,459b4b5d1f5b72ff93fe2785d7eb39b6,90574,15v0lp5cL0pESsgjWSL-5z2k-lvFm34Db,exact-md5-duplicate
1unW4b1R7LoCpW0MpgllmM1Qh0IDr92ok,others_candle_holder_decor_0029.jpg,4906a717ceb94ebe28dd2c6a6d1276ac,90468,1OklFG2yxTxk8Ql44Fvxb0nqjlsZAzM44,exact-md5-duplicate
1pw1t41LgAm1ARp54E5gjRVSXdpg-6DCB,1786381749774.jpg,e1cba7302680b2dcd230298a9936ecb8,89973,1IlybPBmWUnZeS7dCuOKUaiUmBgS75tWh,exact-md5-duplicate
1cU8AdpPcV4GWJ4p5nBN6zI0nPSTI-Z9q,decorative_candle_holder_decor_0020.jpg,67aa18e44e908c75e2df86af225a5a5e,89971,15yj9X0JWynJDHthshuz1S9A-VeS0AkQW,exact-md5-duplicate
1Z7kYKP39QYtZTLTI0HgvNTknYRavQt2k,1785813173851 (1).jpg,0fc3cc8b2f053f840ffd31e4549e1577,89860,1xAPKHgWyWJBZpOk_dYYfUg8xhdRMgSA5,exact-md5-duplicate
1L1y7eDX8s5vHtSLq7BjX85HxTVMObl9f,1785793902224 (1).jpg,4cdb5eb79bf7a47d8e5818b451c50734,89436,1yxYXIAasuSuJiijgfXIkJQ-ZanrcPEtH,exact-md5-duplicate
1XESwi3RtWXhN6pWGBEi9imBy_Zn8M10D,others_candle_holder_decor_0007.jpg,e4c131885b573229e6512cdc73eca856,89135,176a4ZRuBO4repaw2l5ldLDdIpowY3d6l,exact-md5-duplicate
1xDM3hAV3wmHP_kX_H8O0Qe9Miv92zdA0,brass_mirror_decor_0011.jpg,7f811945ed631ea9ad7c647cae1868a6,88849,1HOg_YxcgC5bbKjOkvP7W2-IsoZwvW4RJ,exact-md5-duplicate
1Wc7UOyhsEy4Pr_juyiaHgOvWXv_ASGLz,1785363890766 (1).jpg,c887f1f2e2c44111a1a43919267e258e,88722,1T5KNLTEtsthjkmEd8uBHYPjHXocPTczv,exact-md5-duplicate
1o96uEgAZgvrEm9DEMRAQYmNm487fietC,others_candle_holder_decor_0005.jpg,5fe638ba2dce573b64c8b92d09be9b0a,88458,1JW5kNg2Fk7Y6Dlj9Nb7Wt1cZNgMtutHd,exact-md5-duplicate
1eimH7hjPDrY0SdtCgTm7Bd2AKQ8NWaqD,white_planter_decor_0004.jpg,986d715557dc9ff054ca746eefb0cefc,88200,11E9DzUtA4EV5Ufb7LcRF1Sz-xGcA7rV_,exact-md5-duplicate
1Ft7ATzEg29YxmUXnV2wf6GYgw-c_Gtp7,black_candle_holder_decor_0019.jpg,c5f4fa2270c26ab4637942669711267c,87986,17jiUjrv-oDs3Bks9eS83VO0rvIB2_PER,exact-md5-duplicate
1zETmXrXYwNSvTBEALL0tFiJs46BVNZIz,1787216830930 (1).jpg,6485215a529cc22a2fbe54989a0e0368,87088,1ZJRjdvCj2P9bsOz1CElyj-7MWoHkQBqh,exact-md5-duplicate
1rcnFCz4VozPL31srUk1Hnmur53pWGAad,bois_picture_frame_decor_0044.jpg,9cc048a82d3a38c381ca84ee01e92a8e,86244,1Dt7_TAyZH2lCMrPwNloHUM9UkCFYneNs,exact-md5-duplicate
1fTgFedX3exFB2ECTEGB2e9p1CxIt2ROE,1784723908793 (1).jpg,ae0b2460ee8879e20f752ff7db68c4b9,85251,1zz9UEdESWuKcIhdGpehlj0RTCnpx9Vjl,exact-md5-duplicate
1azirShUr94clsMWN_5jwytXaDN8-5hPO,others_candle_holder_decor_0028.jpg,e3d800e1439a729aaf1d16c3ed50de7e,84976,1MGR_zX0eeeBKS5QXv8WikHc2H9JQnSaD,exact-md5-duplicate
1b31qKnDZbIK2pkidJ4dr1RU_1eKFUFaW,1787219613729 (1).jpg,e31822c0993a0d6c4f3460d3c5949c9b,84660,133AOvMgM42obDRuRmYclgcUiBC_TOqBp,exact-md5-duplicate
1vlj9Zl-GFkE_lXRKDutfKRLB9GaitlS3,beige_storage_box_decor_0011.jpg,79a5bd204cd9075651f389e96d3327a2,84602,1ozKMLF61ndrG5ptz0EUZhiE0LMzLeUhh,exact-md5-duplicate
1Xw5pmm76msi96Ne9JKv3aFcJ20PBrk5M,others_candle_holder_decor_0009.jpg,9c6de375851ca01ac970ae099a994b8b,84370,1AbcjmYplVAkvMpVIj_HvMLXADvoTVrGt,exact-md5-duplicate
1rvD3qNA7BfRefl5DWEYi2YhDCO7XIVR2,others_candle_holder_decor_0047.jpg,821a32dfaeb47b5e4e411d1b54c86148,84311,1RVvq_3yuJeXbuaXqF6G-0mOUT7UiCSLN,exact-md5-duplicate
1XvQaBu2HGjbdbb_WMFo-a-J_JnUcxNWA,1785858596302 (1).jpg,bb3937395ebe7772cdd82b7efe2d91a3,84043,1TIgf4wtt-iSgFGHq66aRIz-9JL5hZTEu,exact-md5-duplicate
1RvYDy6Z-zRczC5cR8GOIr2ApJZ-eFHgW,brass_candle_holder_decor_0017.jpg,efe4909211da711f2f3ff8f6ae39b3d5,83438,1M7-ptgT8wESfyTBa67HxhBxXlkb6Qpp8,exact-md5-duplicate
1JVa_kPjNCOWi19isgo-oU8cAduGOxMrE,others_wall_decor_decor_0003.jpg,3c61254dd1f5a3033fe1e02dca1426cb,82917,12bKeOxTyJLB2T7YXIxxXb0y6ADNTX_9K,exact-md5-duplicate
1SN6fi-1Bhy8GTlH-9UfGPZJALp_Mks-f,decorative_curtain_decor_0050.jpg,38ff45121f1d5c92e784e37b5d0d3a0a,82061,189FVAliYGZmO1d0OHzh2-hN_6DTMNSdY,exact-md5-duplicate
13VW-y4DD4P-Pw5ZmeZ9eGoJc7wkhNDfi,1785101018974 (1).jpg,26edb9f66781421fc477b65a94392ba6,81387,14b2YMrRgPZ4HEAi4fof-LSnt9zdTrZ0T,exact-md5-duplicate
1rUpouBwHaQHXbas1SSZGVIL_yofz89O9,dark_storage_box_decor_0048.jpg,7ef1d36a7ac13dd61946aff7d9177199,80971,1OIZvFRwr4NrFUiGdOHrFZshBKAXQz5gR,exact-md5-duplicate
1y_n9HWCZLEah2ftfP-jT6fYVc4m37sNN,brown_storage_box_decor_0030.jpg,a6a12878e86ac3811236c88657e2024b,80465,1iXP4zG5xWrK8r7fzB5W5iIeo3HHABCSr,exact-md5-duplicate
1pLUZ6WWSDDdf0s3KaADjtmTmcV5McFe7,x_picture_frame_decor_0028.jpg,1e752bc0cfa502d92c556c01b8dee21d,80441,113QP2WGdhV2QG1kAg9Z7BChfVnFh3qYf,exact-md5-duplicate
1b40ugqCHagYo5ttb-W4eDdl9IHV6nyGG,others_candle_holder_decor_0003.jpg,1c8f843071ea5278255e9234e2c0f2ae,80282,1UAAN33kndO9JdhrOxihCe1nuQjj6Scfy,exact-md5-duplicate
1y8j8erZA7y1W7JeqJp_OHWhXzkP4nPnc,2875_1787454974916_2999.jpg,25894501fa0804e24c927c019e4dbbd2,79546,1qXz8oBvhSd5jqxd-1SdGREfia4vvPEAS,exact-md5-duplicate
1U2i9Bb9iCv0BmYw0pNDUqFb7uwE2XbNo,white_candle_holder_decor_0049.jpg,46c71699fb45d7c59fa8ab57212fc04d,79541,1Nk8FFoLyiXVsez-HqgTSC33jUyBHiqdq,exact-md5-duplicate
1nWYuiZnMHUWnZOlXit-7zzDQCkNwW_60,white_planter_decor_0012.jpg,8668623b2e170e07da0cb2523d0158dc,78724,1ExB4Ud59Zlafx_X4ni2dW57LomLHOY-F,exact-md5-duplicate
1lCwn7Cc87Fx92vgwy-zeH8UOL6tfrgyS,soft_candle_holder_decor_0024.jpg,a0ce8aec62f1143b6e298c1dbb539011,78098,1FC6yKG5CejurEGLG_vcIsdV9F0oZbgBs,exact-md5-duplicate
12A-qLJZYO72dpg3pDAeQgIxWYrn1-_WO,1785126461691 (1).jpg,bc099f11ea690feef09e165ad189ffce,78041,17rZjF4xnD_pqfN-ZTWLZGQQZr3qpRVVL,exact-md5-duplicate
1JHxwwRSsxHCT7S7E08_-EKDWDcPoZ3B_,multicolor_storage_box_decor_0031.jpg,b04533a312c2a7004046fbdd6e0e0604,76747,16ARAU7OyPj91RmQy2WyZLypyn1i0fU65,exact-md5-duplicate
1rFJUtdMjOJ2tE0lgnxSGPCDtZyTgE5Ek,decorative_cushion_decor_0088.jpg,4a3cd0d33d4b6f5f245c1e319b73f91b,76302,1U--lzW1oF7h1z8pGYKh4lNIMYkS5zHRj,exact-md5-duplicate
1nq20-XCzAHILlNW-2sStu4gXkYTGSkZw,dark_storage_box_decor_0066.jpg,c1bda5b1d314994db56bff6206899ce9,76299,1hIqeHgnDOUSb5KkWtj5Jxr5NXvNTILJ2,exact-md5-duplicate
1K_vzEe9kGNyJsU0UA3EKm-XXv0b2VGag,1785648150310 (1).jpg,262b8d2789357e6094b9fe615481ea73,74853,1jw4gxlVmrwjS2cKvjvsYnFxpA_z7Cfwe,exact-md5-duplicate
1gGN9nsaHmOfkjp8pxgc28lltq6X0XgGm,decorative_curtain_decor_0043.jpg,7dc1bc635c79b495129fb154d55ecd36,74770,1WXq7r01C3EehA81yNzVFOn3OyihFO9lc,exact-md5-duplicate
1V0ABz2Ap_njRTWDnfO99o1H_UW4Bn18B,brun_wall_decor_decor_0014.jpg,8574b4aeb1d721ebcbd935cb3ae77913,73670,1MWBLo74prTInu7tGhkDMXpF07aC6Le5A,exact-md5-duplicate
1ZKf0E1IoKvT--tpnNwFtmzDOsYOmH772,1787219613957.jpg,d488780e0f7d20dfa5d65360b4015548,73311,1-oUyZVAkF7SBepb-xQBfWepBDAu1BXVX,exact-md5-duplicate
1ipQpOEnbTmmF9WVDw6k4l_IVzJb6T9T6,decorative_curtain_decor_0047.jpg,f648757f26ea8224f35abb96bed38d5d,72751,11x2HRbI6te34ZwL7IhuhEIsPlr0XLu46,exact-md5-duplicate
1saYRYw6SGD1ePaBJrJTAFEY9NpFumZrl,medical_storage_box_decor_0053.jpg,6cd7d2c84d51e388ded195d277e26fb8,72680,11FeXOWkPahAzQt1IOMB5nS0CTYHZ_zhg,exact-md5-duplicate
1ZeuPRpQ8rYaalKDNBQhS04Kyu5oyDIq2,white_planter_decor_0084.jpg,64152c486a52f5a4c2418ba6c9ad7003,71124,187N47CQ23r81s5mE3XnTdHXzp7GdnlpK,exact-md5-duplicate
1qBhWueqvcZb6gH6cEEfag-DCNvz88J08,1785917385871 (1).jpg,0a86beaa55ec9acb2557d216536afedf,70878,1G_phfbs1t8ciy_LadYsEFmv4vyl9q2Ji,exact-md5-duplicate
1HpKNx90acdDcga_yMSbO-fhFmqwphXna,goud_picture_frame_decor_0040.jpg,077393a261e1b539dd6a853cb244068c,70509,15kibliYQEquogieWFfL0WKLbkD_uw2zB,exact-md5-duplicate
1sio8OddX5N5djqIKQi9lJZovahxC7fE3,decorative_curtain_decor_0049.jpg,547e406c30ef289117f1173b4d3628a4,70056,1Ua2Kl0CEjeritdeyqcKqkrSCaU9XM2Ic,exact-md5-duplicate
1aJI4dcGEOMkuT8KcSR1-LTSLsB0hIIRx,1785858597987 (1).jpg,6ea9ebb6bdd5f098b291271f16e88cf8,69729,1Ytu71c5I-gln35FTtC_fffElDMn9KNPy,exact-md5-duplicate
1vUkvHzrKkqIJ1KBI-avNPdMpQ2Ye8R9R,b_curtain_decor_0082.jpg,4f3fc2c35e87b15c9eebca673c9e16b8,69713,16Bz77wDkZa_Ge8g2rlmZYI2EXuQ7QAJK,exact-md5-duplicate
1ZN3xsM8KIezKt_JntVUViWMOBB6lHrQy,white_candle_holder_decor_0039.jpg,55fa31a31f8fb8dd644958a79c58b351,69187,1ROIP5iHm0qV1SdyVCxybTNaHQOTSKong,exact-md5-duplicate
1ZR23KRZSUbAE9PmPrU8uddh0eg3ErZoK,black_bookend_decor_0001.jpg,0e0d77ab3758a4fb8d98a32d86d8ea97,68527,1RQeg2QJX3kB9-6FCZTd-t_QKEBV4MWXS,exact-md5-duplicate
1gv0257PFtN4TNYT5WSjuGeb6S34Rpg79,white_planter_decor_0030.jpg,bbb6dd050aada757d3f5305b2b5cd64b,68445,1MuM8kPTII3F1Oopyoe9-5iL5GulvQnhW,exact-md5-duplicate
1VwmfbFTspnOW0Wl9NzjoVKzVATjscEvi,multicolor_candle_holder_decor_0022.jpg,7ba47e48f1ebd863b47a970965ac8eee,68240,1-K-sw1kXP64qelOcbBMzGVdXKZw16JVV,exact-md5-duplicate
1sPSHgj3sIynaqXhbmmZsHsWbTaIh6CjG,aqua_vase_decor_0015.jpg,83176a95a1a4a5718fe4d811d96b1627,67518,1Ajdj7LPVoErtbWTWKcxZISFIad8RdXE5,exact-md5-duplicate
1BXexlgD0yI17ICwOnpB44jy_Wc1M1bMW,black_storage_box_decor_0043.jpg,898ccf701b4cdc2797031ef979e4c743,66614,1B6sIlveAoA1xqeot3Ck8_BHReIXntRWE,exact-md5-duplicate
19aOVhFsgT743gNRJK7YB66SYLH-m2bkV,1784723903125 (1).jpg,dc985bef634140fb2a2dc3dd94707e34,66274,1mvshYX1eZ6N6kHBOEqypKpsnXkymd2XI,exact-md5-duplicate
1uXOUJdzMqpNBtUctiznPsGPiaObQeVFZ,1785258547653 (1).jpg,31118ba99a800bf48c30255b46451316,66212,11FTMQrMq76qtihxB4ysopvUzq37Xcgfi,exact-md5-duplicate
11uz6MnoJSpSO1KoFl_qlt45mDVWUxaR6,1785820141222 (1).jpg,67ae081b9abb59cc1b62581de03bce3f,65760,1EkkDbbmYeev8xa9mYHNzB17XO5NDaI1f,exact-md5-duplicate
16repOPGMPHuW1mKDo66I_tI3MyCWtjpY,brown_storage_box_decor_0029.jpg,0e480043a95d821ea2db93162b99e3b3,65610,13BQ_t7gu0WTJg-W3IDhTV6qwGnb6iIO9,exact-md5-duplicate
1vPd1NyGPpF5D2a9isxq1nMBb0g5CrT5h,nickel_curtain_decor_0022.jpg,e84fdcb3c4ee62155f19a38cd8351b4b,65161,1sOT7_jh1M3wy0IQMx64PJYS8P6ndU2v6,exact-md5-duplicate
1gRId_C3XU8cHNpb3tGFFZW_63b_kBYmE,decorative_curtain_decor_0084.jpg,a78d68b416eeac150913ec7a613e02e5,64951,1SCRQJz7eu650-qGLeVimnREspdOXYSuc,exact-md5-duplicate
1TPQqo-6IgEAJLYKHCCNXJ66BocLLgq1W,1785858593657 (1).jpg,130d66d33ad4c9d6c4a7d56d8099ce0b,64443,1Q9A1nQFX-VfBHWdcRD2rbcWqhOkwV884,exact-md5-duplicate
1eBou6NKy1ckqz1cAp5IdWQSfxcK6qPhR,medical_storage_box_decor_0015.jpg,39866a0582b749f53c55a0b82296a74e,64373,1T3bvAOByHCRVWbVMa9qxljz4oYw8Y0WB,exact-md5-duplicate
1iI5yDL2QNYnlcKsucBc26Rb4sfYWKj7C,nickel_curtain_decor_0089.jpg,f90633ed29a2493c1d1ff1ebe1a4bc75,63615,1ccJY50D9YVzr6iFk_CFm2foz4n_kH-CO,exact-md5-duplicate
1Y4WWc-RCiel_0o5d0iy2kvoLQ_awdIfg,black_curtain_decor_0053.jpg,b6ea6477de24d862d780aa481873fec6,63321,1NzY2AHRfrq7gnFAIEuDUS7TKzsHZo4j9,exact-md5-duplicate
1pqzEoDroPUElLGHdITR5uKpUS61Zq8c-,black_curtain_decor_0018.jpg,f14a308742f50ddcd53e5514f9f3b4d0,63296,1WFhEBN3N8hT16cbSlS2ee6gFZKRb-FDM,exact-md5-duplicate
1DfQWTZkI4ngaVOegNkx-pSMT9WVT7nTL,1787629920624.jpg,ac242f4a91429b2c9fdbf4c8a277a3f1,62660,18cXEwPv_C2kBJz_--7gpzeo7SnJYo-sY,exact-md5-duplicate
1sk3ACnKJsmyaKw2EXHktsnFDRhPxJyEI,1785820141407 (1).jpg,e52371052e254cf565452b1d7ee9b2af,62439,1PiI4ne8GM-r1ErARhD5Y0o3Nr5ndl-W4,exact-md5-duplicate
1LfWOrm5KBzA__dawJtFHbzfD9kMkjxtg,1785921234208 (1).jpg,0f495f8317e71c49ca27c3c8762b522b,60939,1EvE5FmSzAI31FKqDcGqay7jQvTAJVTm8,exact-md5-duplicate
1OBXvFpwwaOiKlc4-g7Ljk8ChkBqxJ69n,1784203313923 (1).jpg,a75df0a19523be72539ccfda1324aca2,60410,1Bj_MGrqhmba7iU5Q0cQVWwtBeTkJTA3C,exact-md5-duplicate
1zOKozeg1SLKYIKMNaCg6BDqKeybm_oJD,1697_1787189208662_1164.jpg,2cbba9f1ece7c17d28f1e09841a88922,60215,1SkqhIIZiS7c-SsSUpHKSJVjik9-URm1D,exact-md5-duplicate
1xOItPMfkuykkdHP0I5IGerN0T6iir68D,decorative_bowl_tray_decor_0002.jpg,e861cf11adceab2174b19e657e7c6eaa,59805,1wRUPFbKVIAocSHdvKmHFhhj3sBV4aMEh,exact-md5-duplicate
1cF-KGIKx_4Ehs6pZn3x_JFI0IPsRDHaR,102_1787409169560_103.jpg,b06b6eb238eb51b9f553522e8f33a925,59550,10cRPJlDgff0RuIH4q8EMLesTrbnSIbhi,exact-md5-duplicate
1VoKZnfiC30ngXaGJK1cvuC_xSOnqV7J1,white_planter_decor_0083.jpg,37109a3bcb82d1a4246854db3bda31fe,58920,145BAs6UIvV8P9BCV2Ee67fLARK6MffSN,exact-md5-duplicate
1ce4wLw5w76zCztnN5bRQHLjyziKvpnJZ,white_vase_decor_0022.jpg,987d852fdcd271ad55bf5e3a8e73d274,58907,18DtJBk-gLjAX-fA-07gCQuKvZRPkAGAD,exact-md5-duplicate
1ZvYHbDepaOWz09x31O5FwpDYmicVHn0f,black_picture_frame_decor_0011.jpg,44013b01190fbb1bc372615ebebd67a8,58814,1I7FcS8Zir-ggC7DzJsuEifIJ6xHwo16R,exact-md5-duplicate
1SzmitwLqi5U3wRqZJJOsUiMNyIfnIjc_,black_planter_decor_0077.jpg,b5bd716ed178f4894424c9f914e1d29f,58126,1CAaFRpiGpR8Ss84R_Afq93oNmB60gOvH,exact-md5-duplicate
1RvEAuA7fXHBP4UVqaosY01bB2KZM2xxp,schwarz_clock_decor_0012.jpg,f1f92a37a4dabc52193980809ff84ef0,56370,1PYM1IzGVo-1rveAZtCWwWXtAYK7o7aiR,exact-md5-duplicate
17aOK4mS2nOalwp6GgVx5oEjJ2srQlsuQ,nickel_mirror_decor_0018.jpg,383d683ea9e463014509908588487e45,55437,15mpPLJNTXePjVMZMnJRjS7NoAZd-cM2H,exact-md5-duplicate
1VwTKX8-SqT3C7diyKTfw0ayEL1MA1m0h,walnut_mirror_decor_0004.jpg,a428bfa2a02d2f7f6a6119cb25ca4a79,54150,1BGldgfgGSiiosS2DIxG18oSNbqDRLvGX,exact-md5-duplicate
1biLAM2etvNN6NCc4RUU9UCBT3YWLtbh5,white_centerpiece_decor_0003.jpg,4f1377027abe69c6047d5750bfdf445d,53504,1WXrDLVefYtVjki-RyxmIE2XmiikYPUsd,exact-md5-duplicate
1Zu-FFYM36Lzgg0mXtPXQsBRUPqDonNHE,decorative_planter_decor_0005.jpg,03047bfce46247183027841529bb3874,52433,1Py75o7oLyc9gxqkk9t8NQ1xqZdtrCGLw,exact-md5-duplicate
1uWFqX7QlLch9qf9w8YMKlvMwML7PDqhH,black_planter_decor_0052.jpg,4af7e51c87a5d98aac89b42e7983ba51,52199,1qFGvcBukaNbapDfJn8lQZAR1OOdV5o_b,exact-md5-duplicate
1AWumKyZf_ndrJYLuh1AFt7EQjNYGNr8N,bronze_curtain_decor_0092.jpg,48bc1f40eda83010cf3badd3c3062ab4,51908,16QdW4xZ6iDw9vChgWJDA7qdXsMBPT3p_,exact-md5-duplicate
1WZnyYyoicdoUOzE_gGA5WQ69Gsb_QUpD,1784826399783.jpg,20b2ac6746e804c156255f39dfad121e,51367,1VEO1WeO44KJFRfYehp2qD1tkwY2Ram5i,exact-md5-duplicate
1etVyVWezLdcgOHEDNvSG4NwdsIYCL5kT,white_mirror_decor_0023.jpg,4af4fcb8d23d13cf70d92e878df1f4e5,51205,1ErA25opJC86rkP17D6v0pj-4rZD3aRko,exact-md5-duplicate
1SgKqghTtK0xz5GNf2t214NAfmVXEIdpZ,1786619328333.jpg,61f068861ff6afd7a71629ba4e5a9d67,50995,1D6KI6zT4fyryTILGY6WlYJeB0hI7dd67,exact-md5-duplicate
1w_x-Y9_UtJzWKdax_SGWgpQ271gBrPji,1785648150106 (1).jpg,b1a0d0d54d7382980364a207a84f08bf,50628,1zgFpgxdPZ_oWiw5nfrgYbFJCuiXsuGdk,exact-md5-duplicate
1xFdShgRVwzRhfYOmfY0F4KfZA3qfe2RZ,1017_1787196671645_775.jpg,7f1825a3be717b66822196884afec743,50591,1f0LImbkMEp475HDXEE4YOFn9Sr_I8EZK,exact-md5-duplicate
1yjg55HM-NNGh1NwRfBMdXUujR6M8WFOY,1787033460534.jpg,17905032883413691f5ab3c8f92a8709,50472,18zjWpz4r3gcpYaXUvSqZuGlmarSYlzLM,exact-md5-duplicate
1-N1PgMnCDL4Wb58IIJ8JYBAjmhoKEhQH,1784723916716 (1).jpg,bb15eaf7cf1432fe350a2203ef7cd542,50398,1XOOUXN0UXKUqpQ9Hi-mWpkpCCUKKjL6S,exact-md5-duplicate
1eauJiaviV1966QloPeZJaWK7XRfN1HCc,1785734595062 (1).jpg,90ff09134cd5a45df2283586dbfc45e3,49103,1XecfU2JCfpqfSX6GgsazoXM58nNaVGjt,exact-md5-duplicate
1rgeeiC6Hig0sr4nXDT01EJbxy2-daWrh,1784203314065 (1).jpg,c77cb8295827b7a5d78cfc9ca20b461e,48798,1M0sFVRHdM723I3TFzofDVF3aya7pSwBv,exact-md5-duplicate
1H7L0W3NLBqdXcxyGTmLdnL4dxFArR0lf,medical_storage_box_decor_0065.jpg,1ad03e8733d7f9a5322c58dbeb7df508,48725,1BWvfjUiUwITdf-PavAHrzvpqP_AR_UkO,exact-md5-duplicate
1pSX9bccToNu_A7718JGqvs872x8VrTP4,multicolor_storage_box_decor_0057.jpg,bc4e59bae08e840d7df17caf199d7cb6,48595,1BJ3KoNkF8sDMz6hdrxGGJXPywSWF-Kgs,exact-md5-duplicate
1Cxy2uAKbTDvjQxp75Myc-BQq0ChISPLT,1785927269547 (1).jpg,ffd720c38ceb02c6e5a0501754ee8d1b,48593,1hLHkSaZqlke3QgpB0RnGBapaVlkskMKu,exact-md5-duplicate
1GJqJHuiVOdYx2axH6sla4CCls48WVW_h,1784723930649 (1).jpg,068121a4641fcf04d95335d949086af7,48483,1MJ8e2_h_Lcgiko7-6kGOG4EFwNunXkP4,exact-md5-duplicate
1cVSYwayHGjZ-_BLhQTIKyUlNoym-1oYL,plastic_storage_box_decor_0054.jpg,9f6ea1cf597142ec5596d49c6029cea7,47069,18XQZirwof8I6rk-I2tKY5BTf-Vos4xfx,exact-md5-duplicate
1fdApCFC_JS10FGm4bzQLkrNF0G8oWvPc,daylight_candle_holder_decor_0048.jpg,c5761b6141f76e72d016f88c86a83645,46383,1GRbyHlzA5NAJs4eycMfTxIDirpgiZ_C-,exact-md5-duplicate
1iXPBfrv6eytunSj9Lago3ksSKbm8gkHx,1785258520315 (1).jpg,61a1de1364916e6429ff8c64b1fb516d,46062,1y4CbGyRXQPR7Qz9PRAHKkAlOEYiWMfWh,exact-md5-duplicate
1bhU_Pztz1NwoV6UGDaquvj57bOm3IBbo,champagne_candle_holder_decor_0013.jpg,1765ee598b2843c378faa8aab2c2a4b4,45734,1OfrjTJEyPYklBx1sxBNyV4KxZd4fxQ03,exact-md5-duplicate
1BJ8hSH4gmQBtmtQNksir0ujcaTRc2cTw,decorative_curtain_decor_0039.jpg,fb5560a3a5679fa37c522085624a6e3e,45617,135C2ThyRLVi9AtChsP9XCQAYSUBmCyn4,exact-md5-duplicate
1Ud1po6M2zLDByCo_eApJZy0AFjFd1E1v,decorative_cushion_decor_0044.jpg,e830a9630329edaa5a2ad178ac974822,45272,16_U9tYwAJYBi9BOjyIuJFPZRXVlAtkkZ,exact-md5-duplicate
1DZMoqL9e3l-wejn5FrQWVY-cYz9IuwHH,vloeibaar_curtain_decor_0019.jpg,0206efb046cbf92cd0332cd872023c00,45035,19XBwyW5F3qtMt1Jcu01HiLv3Vo3FX1Jq,exact-md5-duplicate
1_PIFku984XUnYXyW8AB4uONprNh-Xz-2,white_planter_decor_0063.jpg,d26954e82eeb2973bf4d7da179d2b1c5,44832,16FD7EKeQtvnzHcuzfBoYD0LyMKTlQPpL,exact-md5-duplicate
1Qm_HFAg7R0wrBfCuWMl5j_v6A8iGwYJA,decorative_mirror_decor_0016.jpg,246b0fa99597ffee356c3ccf427d9f2d,43864,10ywjRwPABmTP9rSxQMC8dwe2--XN2-rH,exact-md5-duplicate
1ORfIbo5zKutYItcHWDzXjrHBKrsU8JPC,multicolor_storage_box_decor_0023.jpg,fedac53b972b04ba97e477e89b977f4e,42979,1H4FOtFixIdweeY0hnYcpk2urRfkt0p-X,exact-md5-duplicate
1j1e5VZbKL45LIUUD-M0VujdpBc_nJ29g,1282_1787513592593_1301.jpg,3f742492ab15ea4d25f0acf447ac713a,42855,1IEIQo-Y6tiLcc0EwE4HFi81bh4oH757u,exact-md5-duplicate
1AYIqDf9ZeB0LjZK1msb7rYjBenLU_lSQ,1784200549740 (1).jpg,e937fe374e52a0a4cf4dcf31b26737b8,42539,1FTJY46TAhbNCJxfzSgmUNRyPWOr4LHjx,exact-md5-duplicate
1crWycNuEwjh_x5HaSlNF1gTT90nO_uEU,1785820141116 (1).jpg,63e9c662c29078610f11cf8a576d0f91,42084,11qwiQoV0qPf1kPUlm5V1hVdZMFaXsDJO,exact-md5-duplicate
1oKU8RRRVlV8WzVQwa_DnXAjTZRCWk1on,white_planter_decor_0044.jpg,bccc969f635201992ac78291bf102948,41934,1_LhnsnmLB8_JGIZOr6mpc9oA_IOhLWKX,exact-md5-duplicate
1c_UGqxs9aTNqQhA3ZQQLhqtOPIj3Hntz,bronze_curtain_decor_0051.jpg,71f7ee6c8016e03b0b47a30d06689dd1,41689,1c8yYGDqnbtTS9Uw70lkEjfCnM-hMRQDO,exact-md5-duplicate
1qkoATo1QPPVhxVixk2oC5sQSc4ZE5dDu,1785734596420 (1).jpg,cb00eebf1c449f77ce0dedfab47c67b3,41363,1ASHGwrVqs-wKY_Joj15vy0ku16uki3gs,exact-md5-duplicate
1QAUAFLhaqo-0kTkR9sWXcvM8hlN6ze0D,1784203314335 (1).jpg,395bf570a4246a02a85e176e55ce58fa,41326,1gKmAumhv84_V8jgJYOXWwLsD2FbXt8IX,exact-md5-duplicate
1OzfeRY6Gc-m_hceAYxwwGy9OpeiIcjC0,1785734597472 (1).jpg,93dcfbca072d3a588762ec5a93be568a,40988,1oppwHS7qeovfJXl050lfeKAxLJ1QFVl9,exact-md5-duplicate
1B9Nrga0AszZuj6QvU2UaQvLGu2YN0a7S,medical_storage_box_decor_0032.jpg,2582010c99cdf9469916445a37399a12,40731,15lsz2COoBTHUr9TOCZPI8Uq_28o7VVYt,exact-md5-duplicate
1_pfEwluzcOT_05wq9RdFsfEObtRQ_rQO,multy_vase_decor_0004.jpg,7ffa943f5699c6ee29cc52bc61df74e5,40545,1Uq__Qdf-BCMRwhKMK3FAq6fFGpy5-Z2J,exact-md5-duplicate
1Ewl41s3FZOG4FGk7tguLtbwCXUAQi8xw,1785912081022 (1).jpg,a64b25d2619cd7be836178a7e728a735,40409,1Wv47PLKN5oQzaG2Pu_Raza0NFnQvuXpv,exact-md5-duplicate
1a46D5yst-ETkvuJokXTkoGhPywsxda_P,decorative_candle_holder_decor_0006.jpg,dc373f95adaf26e33d450cef5396ae4d,39976,11RkKYdsEfLVBt-Ox8aYieylFhtAyR-SB,exact-md5-duplicate
1MPoeoShd8f1HDH0U_eWuIadEBRl9uZHk,3927_1787519849476_3997.jpg,f679dda63720b366a913e809864f7592,39781,1heEX1piHfFITCkfmgFUmXMwDr_D5_4mo,exact-md5-duplicate
1l6LE6-tM-bDa7AaFChFqKelNLYJIzxsk,1785734595909 (1).jpg,f47ed71d4390249036a7b601f53603c7,39745,1zBLFjj0JaROzK1RGF7_QgvYfxUNYaZzR,exact-md5-duplicate
1evUnhLSFzVNJ-8BXY9SbBsebqhbsB4IC,1785491945382 (1).jpg,9bd497e2baba974e307c65f373efe696,39445,1ZyE3x0VMpkDLH2EfjjW4utK6VI2mIR83,exact-md5-duplicate
1DrdQVwo4hh66Po7zboMyxQr0mKbGSXyq,1785734597160 (1).jpg,aace183ba66fcc77a3e27f1fd5be9c47,39163,1bKZ4D_lbSNA8Y3Ri7PQ0QTGlaHJY6OBs,exact-md5-duplicate
1wUl2syduK4DjMASWlv8jX96sx81chCXp,nickel_mirror_decor_0027.jpg,b184a75519240c296ba3cb728b5409c5,38583,1OAGmJV7x4z4pgnk1oFs5sFRkx4-Gg-vT,exact-md5-duplicate
1pIzeBjlLFWtwhG_kO9uo9XfHYFwKgfui,1785734594704 (1).jpg,a7694e1396064456588778e1cc686ee8,38499,1N_JPwxVwlw25eG93gZdv9teoC8fAtv4H,exact-md5-duplicate
1NuYxcQRG_XY_4JjW1NTpKqML1dX9Z2Aq,multicolor_storage_box_decor_0022.jpg,30297d7ac01f431acf093490d0560e9d,38038,1JAQY2OW21PszwWVm4k_QPraW-J_tGVTL,exact-md5-duplicate
1mMLREPVPZCLJs0-cGhem8hOEDBIPCVor,white_planter_decor_0041.jpg,b5e74547fec60bd0a8536a45bbf1bf16,37958,1RlciZ10tT8yacN5xIhaXMrzUyQkHCAWu,exact-md5-duplicate
1oXhktLFOkMrK0mmHQmRvuhNVmNpUc5sH,ros_picture_frame_decor_0037.jpg,0ac4343eddd8f994d2828cb09724d736,37868,1BhnPvkmaK3-SFS-hLwCek7SJXnip7Fw1,exact-md5-duplicate
1zCm34Jbe1ZV4oZw3iuJx_EC2Wncza28p,decorative_curtain_decor_0086.jpg,ebc03e7e3a12d680dab6c3f04f73ed19,37743,1S_aLjmC4ik-QjyJ_4uBQ6JRJCFGzedXn,exact-md5-duplicate
1vKZI2e901A1J4g1FiwrBF8gxirf4c5Z7,white_planter_decor_0010.jpg,a81318d78dcfed0268b15b1ad35280cc,36858,1gdDHtYrGNTUCbmm2ChAteOkYw4ft4RDi,exact-md5-duplicate
1d4eM--RJ5AkFFEMpVUjyuQbr4wF4ygb_,2444_1787454015318_2529.jpg,8b85228fdaf67a1fc5280e60a442dc94,36449,17Y80OrasPe7Rxss8Y7f2f-Yk2keg3lTg,exact-md5-duplicate
1zDReC4VDDys8muuCGwzSnWPQp4d_jDgG,172_1787195188487_127.jpg,d1cc1b8a14eaa42fcfcd21e49b95819e,35805,1KipsNr8XmzzxZpVyQ1gqVtWyAX1tOuAJ,exact-md5-duplicate
1gIjuZy3aUKFwu0Zg5N62d-AXthNKj-k0,clear_vase_decor_0005.jpg,a3f483b31b63ed0fac52167c7841b1cc,35616,1FXmL-ryO90-pUJmHzoSG8hctX5LFx-xy,exact-md5-duplicate
1MIa-R-297IDJp8_5ND_wk_Ub1-ZIFRc7,24_1787448226199_24.jpg,6a7cd983cb309ef7e45b04ace7ae4635,35056,12FH4LJpNOTTdEiKBF2WM9AoGkRmQ7xeq,exact-md5-duplicate
1TpKabsxPkLhdVgrvEvTxG2ctSxFZWf2u,1971_1787515282575_2006.jpg,741466099a0bd5552270ce81269825cf,34365,1IprRr3pIZUmyYffSnt5Jz5wmvmbciQGB,exact-md5-duplicate
1S9Un3MQuMVowr15F05ixIdiSl1fpRRdM,yellow_planter_decor_0003.jpg,ac268be4b4b444f2f6943cbee9b1f097,33788,1QacrKHZ74G315rUfTtRtd2-XIcz00Osm,exact-md5-duplicate
1wNLCMTCn8ciwWgijZgXA1QoGqzhQcQpJ,brushed_curtain_decor_0037.jpg,49236d4e237c98e9635bbddc1f469b24,33381,1SZ-2kkvls-2r0hWTuCPfzUPTri9W64ww,exact-md5-duplicate
1MZ_yi_fs0pUAq09v0b4Ed5He6zW73Ml2,5680_1787524439718_5866.jpg,ec81c7e41e8f49d99304d64d95765363,33377,154Q6lwXxYzDHHWHqcW_SUxN4B0wD6yxI,exact-md5-duplicate
19Dytgl8if6Y_giz6Q5tgwVSo1uLcu2E1,solid_planter_decor_0080.jpg,655b925ba2b1164d3647427cd86d4e6b,32645,11MD5IBttD44hdk3xr6ZTYP48eHN5abhp,exact-md5-duplicate
1IGd4H8FgEiylzIcD-BE4RLublnqt42YF,decorative_curtain_decor_0074.jpg,896c0d7708b65e7143ae8203f975c459,32048,1Dwyyh_T7hKe2yZB2ntl5zuUf3ymtt4Sk,exact-md5-duplicate
1vXLG9EIefdgJY6c3F2g1p90ZSEtQM8LQ,bronze_curtain_decor_0021.jpg,3cce1136771f4bb57f796d4bb2922963,31458,1RxmoD4qQ6xh5IKNjAfI1CimZn1kOrgDR,exact-md5-duplicate
14qbjdllMaTM9wuAs0cyrzhr4wbtQZZ2J,2642_1787454474449_2744.png,7172e886458eb2f06a080f7111e64313,31374,1A9yTKHk096svGNU5I_xJd0a8uJ48FF8W,exact-md5-duplicate
1TARqAJy0Z7Dx2lSmO9uanckpevGZCSp8,1787556524729 (1).jpg,29f949240acea367c1ecc2fad8ed8be6,30837,1OcEzQKAjJ1Uo3tRXKijO_Waz4MNhbe0L,exact-md5-duplicate
1puQgh1XI0AJYReuWtikakYNKXG6yGScR,natural_sculpture_decor_0001.jpg,498642bc92f433fe2839971603d4fb0f,30246,1iyNxA8OXvNr2xYxBNxhXjwNnyFhw-nfA,exact-md5-duplicate
1zW3VW9VqTgwtsAM9_A2St4R2L27XQtrL,532_1787420205617_544.jpg,a0b1cc50b28ddc60eba8d4a806500d3c,29971,1lTKxxTsZF2ugtnHIF7-TFHO-DPNd_u9y,exact-md5-duplicate
1mXyNkYhgCwVLbwFmxFxhCDBv3kO83c9s,white_planter_decor_0079.jpg,e6dbedd77221915a5b4f72050e13a28b,28758,10HTwjMPmoaX_cRn_FqmO90jcREdMaXkM,exact-md5-duplicate
1LsPy1mqEYToZ78TH_JHdv8XQL5RCR6NN,black_planter_decor_0066.jpg,92556f0d34bf87fac40038916e8416eb,27960,1BRY3w6Daw-uIc-AzSFqH3Dd6f_U38JeC,exact-md5-duplicate
1ygrr_KbgMZTuKd6-gT5k8y__y-GIzdMe,bronze_curtain_decor_0011.jpg,dda56fa655c75f59e2ae6f7bfb47b3f0,26933,1DbVU48n81rJB5ISabo_PffKLhCRG9NNp,exact-md5-duplicate
1olB8mW_gtgs8xn6dQHVBECdYv8hzKCsZ,white_mirror_decor_0019.jpg,75b6a430059af24d1042ab08b848ee9d,25483,17KMIlYkso3VczN3Q6942QaxWOtV9uYeX,exact-md5-duplicate
1e1lP5zhoGWY4-fVKp_qr8a8opEk7MSf2,black_curtain_decor_0102.jpg,158c94770e2d9f59dd138d9852cf352e,25481,1Fs7rGv5KTVrF0HDSjGV7wFWj4sXASk1s,exact-md5-duplicate
1HhUrH84JQZfhCbSuk_oCbsNeqD5GDMaW,clear_candle_holder_decor_0033.jpg,95c97b08c34ddce5e0e869e8989841fd,21721,1DJP_uBZBS9SGYf8oOUTY9y8uPfDz7Q0s,exact-md5-duplicate
